x,y,z,u,v,w
0.3499509900168614,0.5324885197562982,0.0,-0.027798838388295364,0.002500080294564055,0.0
0.3483610739171608,0.5326147408412854,0.0,-0.027817321507525975,0.002239727167906753,0.0
0.34637265359249414,0.5327561889284298,0.0,-0.027837757388739025,0.001914070047505735,0.0
0.3439855337666632,0.5329063336183573,0.0,-0.027859101531339525,0.0015226093895978222,0.0
0.34119962361352923,0.5330585945573171,0.0,-0.027880264021662514,0.0010655268464608372,0.0
0.338411597211363,0.5331651472419632,0.0,-0.027893978768610155,0.0006067640197571221,0.0
0.335622199334502,0.5332258236439389,0.0,-0.027900154946043445,0.0001470021055275225,0.0
0.33283218383989766,0.5332405238544916,0.0,-0.02789874714089329,-0.00031339559167310933,0.0
0.33004230912580834,0.5332091842953243,0.0,-0.02788970994009004,-0.0007742928326367629,0.0
0.3272533381317993,0.5331317550120606,0.0,-0.02787299793056459,-0.0012359620957796175,0.0
0.3244660383387428,0.5330081588024826,0.0,-0.027848611112316624,-0.0016980400765465031,0.0
0.3216811772275112,0.532838354794828,0.0,-0.027816413246138372,-0.002161253384047918,0.0
0.3188995359028973,0.5326222294564232,0.0,-0.027776404332029672,-0.002624512104618353,0.0
0.3161218954696944,0.5323597782459614,0.0,-0.0277286751961292,-0.0030879978905356304,0.0
0.3133490279500815,0.5320509784569079,0.0,-0.027673044186159693,-0.003551529089522403,0.0
0.3105817235314655,0.5316958255479556,0.0,-0.02760951130212106,-0.004015151114647849,0.0
0.30782077240125333,0.5312943104364909,0.0,-0.02753816737015215,-0.004478455248287621,0.0
0.3050669556642382,0.5308464649116621,0.0,-0.027458921564113954,-0.004940941946679172,0.0
0.3023210635078268,0.5303523707169941,0.0,-0.027371864710145313,-0.005402293318336352,0.0
0.2995838770368123,0.5298121413851604,0.0,-0.027276905982107556,-0.005862691015536825,0.0
0.2968561864386015,0.5292258722836067,0.0,-0.027174181619208846,-0.006321635494518045,0.0
0.2941387682766806,0.528593708734155,0.0,-0.02706364620837969,-0.00677935382062638,0.0
0.2914324036558426,0.5279157733520924,0.0,-0.026945345162689344,-0.007235028558613133,0.0
0.2887378691395737,0.5271922704962311,0.0,-0.026819505547484815,-0.007688523469270768,0.0
0.28605591858482526,0.526423418149304,0.0,-0.026685764058211246,-0.00814047433557,0.0
0.28338734217900413,0.525609370715747,0.0,-0.026544529412492746,-0.00858974583077662,0.0
0.28073288923775486,0.5247503961326693,0.0,-0.02639589243646815,-0.009036337954891099,0.0
0.27809329999410803,0.5238467623371802,0.0,-0.02623948982558244,-0.009480886490883998,0.0
0.2754693510115498,0.5228986736880918,0.0,-0.026075911949737317,-0.009921983633605556,0.0
0.27286175981657607,0.5219064753247312,0.0,-0.025904931743586258,-0.010360355992165164,0.0
0.27027126664221746,0.5208704397255147,0.0,-0.025726549207128864,-0.010795594848938786,0.0
0.26769861172150455,0.5197908802406208,0.0,-0.02554117305798972,-0.01122729148630208,0.0
0.2651444944157056,0.5186681510919907,0.0,-0.02534853081775249,-0.011655718382671383,0.0
0.26260964133393033,0.5175025792537236,0.0,-0.02514889496483335,-0.01208051223349168,0.0
0.260094751837447,0.5162945280303743,0.0,-0.02494231091230172,-0.012501536799554647,0.0
0.2576005207462168,0.5150443743504189,0.0,-0.02472886948629631,-0.012918701254721608,0.0
0.2551276337975872,0.5137525042249467,0.0,-0.02450838903453961,-0.013332096425131872,0.0
0.2526767948941332,0.5124192945824335,0.0,-0.024281414513864067,-0.01374126818009128,0.0
0.2502486534427468,0.5110451677644243,0.0,-0.02404758261971467,-0.014146579824154681,0.0
0.24784389518077535,0.509630509782009,0.0,-0.02380734748278514,-0.014547259335143193,0.0
0.24546316043249683,0.5081757838484946,0.0,-0.02356039121158992,-0.014943942496027847,0.0
0.24310712131133783,0.5066813895988918,0.0,-0.023307258762961365,-0.015335766458490772,0.0
0.2407763954350417,0.5051478129530427,0.0,-0.023047496006205793,-0.015723548657780265,0.0
0.23847164583442113,0.5035754580872647,0.0,-0.022781829550433078,-0.0161060629410236,0.0
0.23619346287937779,0.5019648517931623,0.0,-0.022509669025741474,-0.016484399221885493,0.0
0.23394249597680367,0.5003164118709738,0.0,-0.022231604802032717,-0.016857422173632047,0.0
0.2317193354966004,0.4986306696536106,0.0,-0.02194734169435588,-0.017225949231511724,0.0
0.2295246013271648,0.4969080747304594,0.0,-0.02165715218112719,-0.017589435438691847,0.0
0.22735888610905206,0.4951491311865902,0.0,-0.021361013555812006,-0.01794792620824223,0.0
0.22522278475347085,0.493354338565766,0.0,-0.021059039351083678,-0.018301330714024035,0.0
0.2231168808183625,0.4915242054943636,0.0,-0.020751297686546245,-0.018649603542967772,0.0
0.22104175104970789,0.4896592451400668,0.0,-0.020438197279823985,-0.01899219973824124,0.0
0.2189979313217255,0.4877600251662427,0.0,-0.020120101435471827,-0.019329028473705528,0.0
0.21698592117817833,0.4858271223188721,0.0,-0.019796896620816382,-0.019659998923222042,0.0
0.21500623151609669,0.4838611224265499,0.0,-0.01946840118358015,-0.01998533815213762,0.0
0.21305939139773863,0.48186258861133613,0.0,-0.01913407016693077,-0.020305681943423224,0.0
0.21114598438104556,0.4798320204169938,0.0,-0.018794879951859585,-0.02061994038341413,0.0
0.20926649638585962,0.47777002637865246,0.0,-0.01845078512529721,-0.020928340537457336,0.0
0.20742141787332993,0.47567719232490674,0.0,-0.018100650360509594,-0.0212318360800094,0.0
0.20561135283727894,0.47355400871690584,0.0,-0.017744861668586256,-0.021529972880376464,0.0
0.2038368666704203,0.47140101142886814,0.0,-0.017384009419428977,-0.02182238763400393,0.0
0.20209846572847742,0.46921877266546774,0.0,-0.017017889254225618,-0.02210912575396105,0.0
0.20039667680305487,0.46700786009007167,0.0,-0.0166468417709964,-0.02238968769648464,0.0
0.1987319926259552,0.4647688913204232,0.0,-0.016271025915484048,-0.022664300526922015,0.0
0.1971048900344068,0.462502461267731,0.0,-0.015890237328876462,-0.022932873419133953,0.0
0.19551586630151915,0.4602091739258176,0.0,-0.015504498717708353,-0.023195315546981857,0.0
0.19396541642974832,0.45788964237111934,0.0,-0.015114423158416084,-0.023451309018980373,0.0
0.1924539741139067,0.45554451146922137,0.0,-0.014719783585652853,-0.023701035487406687,0.0
0.19098199575534142,0.4531744079204807,0.0,-0.014319966922982215,-0.02394463119146896,0.0
0.1895499990630432,0.4507799448013338,0.0,-0.013916539921297242,-0.024181278695919062,0.0
0.1881583450709135,0.44836181693174193,0.0,-0.013508730558418771,-0.024411386718380626,0.0
0.1868074720150716,0.4459206782599039,0.0,-0.013095834931771648,-0.024635409389547572,0.0
0.18549788852189442,0.4434571373209491,0.0,-0.012679873922942508,-0.024851984317339003,0.0
0.18422990112960017,0.4409719388892152,0.0,-0.012260052803217562,-0.025061747284726037,0.0
0.18300389584927843,0.4384657641607426,0.0,-0.011835145419724,-0.02526515242240219,0.0
0.18182038130730604,0.4359392489185024,0.0,-0.011407763023950157,-0.025460973577495136,0.0
0.180679605004911,0.4333931515607528,0.0,-0.010976951941439408,-0.02564961946762819,0.0
0.17958190981076708,0.43082818961399,0.0,-0.010541304367041475,-0.025831725875773263,0.0
0.17852777937406294,0.4282450170264127,0.0,-0.01010370403066099,-0.026005930409849217,0.0
0.17751740897099685,0.4256444239854278,0.0,-0.009662902072890398,-0.026172868852827085,0.0
0.1765511187637078,0.42302713710014506,0.0,-0.009218058351946532,-0.02633285909619254,0.0
0.17562931292851314,0.42039385119052586,0.0,-0.008772033891199196,-0.026484765813211287,0.0
0.1747521095393932,0.41774537460920474,0.0,-0.008322444504506865,-0.026629406439131795,0.0
0.17391986508894253,0.41508243396529154,0.0,-0.007870130333652818,-0.026766644734746436,0.0
0.17313285205557724,0.41240576949181684,0.0,-0.007417066847154278,-0.0268957086778757,0.0
0.1723911453708618,0.4097161986240293,0.0,-0.00696057467391875,-0.027017415703768286,0.0
0.17169508790346996,0.4070144570536524,0.0,-0.008359274503760204,-0.025228413249287724,0.0
0.17085916045309393,0.40449161572872366,0.0,-0.01116707375632702,-0.02206552920737253,0.0
0.16974245307746125,0.40228506280798637,0.0,-0.014029232452921203,-0.018940110947682064,0.0
0.16833952983216913,0.4003910517132182,0.0,-0.016947022159484897,-0.015850614425857525,0.0
0.16664482761622063,0.3988059902706324,0.0,-0.019918671766312894,-0.012800491035170338,0.0
0.16465296043958932,0.3975259411671155,0.0,-0.022943454664295492,-0.009790512797800093,0.0
0.1623586149731598,0.39654688988733544,0.0,-0.026022301821354604,-0.006820452648399636,0.0
0.1597563847910243,0.3958648446224955,0.0,-0.027296410895398922,-0.005794843889908902,0.0
0.15702674370148445,0.3952853602335046,0.0,-0.027212351304008252,-0.006177494412360405,0.0
0.15430550857108358,0.39466761079226853,0.0,-0.027123001090036836,-0.0065585554773840895,0.0
0.1515932084620799,0.39401175524453014,0.0,-0.027027974242395073,-0.006939843607754537,0.0
0.14889041103784043,0.3933177708837547,0.0,-0.026927702185241858,-0.007319224389211889,0.0
0.14619764081931624,0.39258584844483346,0.0,-0.026822253038181317,-0.0076966524086867286,0.0
0.1435154155154981,0.3918161832039648,0.0,-0.026711354322797226,-0.00807303592756611,0.0
0.14084428008321837,0.39100887961120817,0.0,-0.026595119571762978,-0.008448011641295178,0.0
0.13818476812604205,0.3901640784470787,0.0,-0.026473821263494783,-0.008820989179972396,0.0
0.1355373859996926,0.38928197952908145,0.0,-0.02634702797383366,-0.009192604326568559,0.0
0.13290268320230925,0.38836271909642456,0.0,-0.026215375485750734,-0.009561676341280594,0.0
0.13028114565373417,0.3874065514622965,0.0,-0.0260782734293443,-0.009929522203119823,0.0
0.12767331831079973,0.38641359924198454,0.0,-0.02593649382679342,-0.01029423456317275,0.0
0.1250796689281204,0.3853841757856673,0.0,-0.025789014884037544,-0.01065812948797746,0.0
0.12250076743971665,0.38431836283686954,0.0,-0.025637516884643045,-0.011017982649608736,0.0
0.11993701575125233,0.3832165645719086,0.0,-0.025479797294745855,-0.01137774498510134,0.0
0.11738903602177775,0.3820787900733985,0.0,-0.02531828571355685,-0.011732875187518976,0.0
0.11485720745042208,0.3809055025546466,0.0,-0.025150915846420024,-0.012087460433104014,0.0
0.11234211586578008,0.3796967565113362,0.0,-0.024979572335713948,-0.012437731437099918,0.0
0.10984415863220866,0.37845298336762623,0.0,-0.02480265437074358,-0.012787003353569542,0.0
0.1073638931951343,0.37717428303226924,0.0,-0.02462176276220398,-0.013131915615380374,0.0
0.10490171691891391,0.3758610914707312,0.0,-0.024435466998410208,-0.013475510898179966,0.0
0.10245817021907289,0.3745135403809132,0.0,-0.024245140824710444,-0.013814882765528462,0.0
0.10003365613660184,0.3731320521043604,0.0,-0.024050034925460283,-0.014151938566339593,0.0
0.09762865264405582,0.3717168582477264,0.0,-0.023850228773531056,-0.01448613334378092,0.0
0.0952436297667027,0.3702682449133483,0.0,-0.023646233265953064,-0.014816831314881176,0.0
0.09287900644010738,0.3687865617818602,0.0,-0.02343725367401255,-0.015145167806374728,0.0
0.09053528107270616,0.36727204500122274,0.0,-0.023224391264641438,-0.015469689600041693,0.0
0.08821284194624202,0.36572507604121857,0.0,-0.02300666965684858,-0.015791759087962966,0.0
0.08591217498055714,0.36414590013242226,0.0,-0.022785053878357813,-0.01610974139964186,0.0
0.08363366959272135,0.36253492599245807,0.0,-0.022558783260257367,-0.016425316818644328,0.0
0.08137779126669561,0.3608923943105937,0.0,-0.02232851629205299,-0.016736895887542937,0.0
0.07914493963749034,0.35921870472183937,0.0,-0.02209416214760598,-0.017045159802377974,0.0
0.07693552342272973,0.3575141887416015,0.0,-0.021855198576618606,-0.017350426454635123,0.0
0.07475000356506786,0.35577914609613803,0.0,-0.02161259060681492,-0.017651787582927084,0.0
0.07258874450438636,0.3540139673378454,0.0,-0.021365486743144237,-0.017949969796363652,0.0
0.07045219583007195,0.352218970358209,0.0,-0.021114715774122557,-0.018244428138112383,0.0
0.06834072425265969,0.3503945275443977,0.0,-0.02085976680271941,-0.018535435086589613,0.0
0.06625474757238775,0.3485409840357388,0.0,-0.020600946367153167,-0.018822536511101582,0.0
0.06419465293567243,0.3466587303846286,0.0,-0.020338209054354347,-0.01910645902075823,0.0
0.062160832030237,0.3447480844825528,0.0,-0.02007156621759032,-0.01938611270189469,0.0
0.06015367540847797,0.3428094732123633,0.0,-0.0198011427428018,-0.019662314989759563,0.0
0.05817356113419779,0.3408432417133873,0.0,-0.019526700211374735,-0.01993488423207544,0.0
0.05622089111306032,0.33884975329017986,0.0,-0.019248726813804667,-0.020203457124287377,0.0
0.054296018431679846,0.3368294075777511,0.0,-0.018966779772665386,-0.02046830614481164,0.0
0.0523993404544133,0.3347825769632699,0.0,-0.018681347278452456,-0.020729158815231883,0.0
0.05053120572656807,0.33270966108174677,0.0,-0.01839215685274977,-0.02098619678782562,0.0
0.048691990041293085,0.33061104140296416,0.0,-0.01809943556090412,-0.02123905675803807,0.0
0.04688204648520267,0.3284871357271604,0.0,-0.017803262875786895,-0.02148801120428526,0.0
0.045101720197623985,0.32633833460673184,0.0,-0.01750329819937787,-0.021732969300428513,0.0
0.0433513903776862,0.324165037676689,0.0,-0.017200154608113454,-0.02197365856805165,0.0
0.04163137491687485,0.32196767181988384,0.0,-0.016893094139616475,-0.02221053313784828,0.0
0.03994206550291321,0.319746618506099,0.0,-0.016583138587947615,-0.022442866400708694,0.0
0.038283751644118444,0.31750233186602816,0.0,-0.016269283188947256,-0.022671475791881272,0.0
0.03665682332522372,0.31523518428684,0.0,-0.015952685975884066,-0.022895271397701453,0.0
0.035061554727635315,0.31294565714706984,0.0,-0.015632660076084017,-0.023115161479556452,0.0
0.033498288720026914,0.31063414099911424,0.0,-0.015309086280239949,-0.02333051025447508,0.0
0.031967380092002916,0.30830108997366673,0.0,-0.014982940969343243,-0.023541408548596085,0.0
0.03046908599506859,0.30594694911880715,0.0,-0.014652929870917025,-0.023748219666474717,0.0
0.029003793007976886,0.30357212715215964,0.0,-0.01432058567605228,-0.02395003534672321,0.0
0.02757173444037166,0.3011771236174874,0.0,-0.013984301897420292,-0.024147854676867926,0.0
0.02617330425062963,0.2987623381498006,0.0,-0.013646150506310791,-0.02434058774324383,0.0
0.024808689199998554,0.2963282793754761,0.0,-0.013303883555790272,-0.024529324459515722,0.0
0.023478300844419524,0.29387534692952455,0.0,-0.01296004417774306,-0.024712611607464418,0.0
0.02218229642664522,0.29140408576877813,0.0,-0.012612514987810113,-0.024891811579170198,0.0
0.020921044927864202,0.2889149046108611,0.0,-0.012262811647181411,-0.025065834460968488,0.0
0.019694763763146068,0.2864083211647643,0.0,-0.01191057652793573,-0.025235225209692045,0.0
0.018503706110352496,0.28388479864379507,0.0,-0.011555100050864285,-0.025399802173063125,0.0
0.017348196105266066,0.28134481842648873,0.0,-0.011198369037751697,-0.025559202046526806,0.0
0.016228359201490895,0.27878889822183606,0.0,-0.010837448668990366,-0.025714242265331776,0.0
0.015144614334591857,0.2762174739953029,0.0,-0.010476426120822977,-0.025863378785119077,0.0
0.01409697172250956,0.273631136116791,0.0,-0.010110510314431729,-0.026008609780941834,0.0
0.013085920691066386,0.27103027513869676,0.0,-0.009745241644278934,-0.0261476645993309,0.0
0.012111396526638493,0.2684155086787637,0.0,-0.009374954829961517,-0.026282632241477435,0.0
0.011173901043642341,0.26578724545461596,0.0,-0.009005933904952594,-0.02641151453232896,0.0
0.010273307653147082,0.26314609400138306,0.0,-0.008631503148055811,-0.026536127994660604,0.0
0.0094101573383415,0.26049248120191704,0.0,-0.008259093272745698,-0.02665438362728149,0.0
0.008584248011066931,0.25782704283918884,0.0,-0.007881120296438624,-0.026768733735937154,0.0
0.0077961359814230705,0.25515016946559516,0.0,-0.007505730188451561,-0.026876271884188615,0.0
0.007045562962577913,0.2524625422771763,0.0,-0.007124754272932847,-0.026979813682335783,0.0
0.0063330875352846285,0.24976456090894272,0.0,-0.006746338519199494,-0.027076997650772115,0.0
0.00565845368336468,0.24705686114386546,0.0,-0.006363040860509636,-0.027169549486133756,0.0
0.005022149597313717,0.2443399061952521,0.0,-0.005982314716872437,-0.02725592514406195,0.0
0.004423918125626472,0.2416143136808459,0.0,-0.0055970188831306,-0.027337759495053966,0.0
0.0038642162373134113,0.23888053773134052,0.0,-0.005214413773748515,-0.027413236016335066,0.0
0.00334277485993856,0.236139214129707,0.0,-0.0048282494150551055,-0.027484080404540923,0.0
0.0028599499184330493,0.23339080608925292,0.0,-0.004442953581313301,-0.027548930267591275,0.0
0.0024156545603017197,0.23063591306249379,0.0,-0.00405679489925356,-0.02760842138845647,0.0
0.0020099750703763634,0.22787507092364814,0.0,-0.0036713798562046365,-0.027662281288720815,0.0
0.0016428370847559,0.22510884279477605,0.0,-0.003283887165232372,-0.027711054925216506,0.0
0.001314448368232663,0.22233773730225442,0.0,-0.002897932841984775,-0.027753924862694727,0.0
0.0010246550840341856,0.21956234481598497,0.0,-0.0025105990967552805,-0.02779170853640493,0.0
0.0007735951743586575,0.21678317396234445,0.0,-0.0021243609418241764,-0.02782386098951369,0.0
0.0005611590801762398,0.21400078786339308,0.0,-0.0017393546163995076,-0.02785065470043777,0.0
0.00038722361853628904,0.2112157223933493,0.0,-0.0013531789044387774,-0.027872271321454645,0.0
0.0002519057280924113,0.20842849526120383,0.0,-0.0009681441958457778,-0.027888438374148013,0.0
0.0001550913085078335,0.205639651423789,0.0,-0.0005837679767585402,-0.027899155858517637,0.0
9.671451083197951e-05,0.20284973583793728,0.0,-0.00020011269014743772,-0.027904605426841183,0.0
7.670324181723574e-05,0.20005927529525316,0.0,0.00018397969725628222,-0.027904605426841027,0.0
9.510121154286395e-05,0.19726881475256902,0.0,0.0005681174977293648,-0.02789951916307237,0.0
0.00015191296131580043,0.1944788628362618,0.0,0.0009523574776085142,-0.027888983330980173,0.0
0.00024714870907665187,0.1916899645031638,0.0,0.0013375454553106133,-0.027873088756703183,0.0
0.0003809032546077132,0.18890265562749348,0.0,0.001723891466281465,-0.027851653787963726,0.0
0.0005532924012358596,0.18611749024869711,0.0,0.0021097265802219847,-0.027825041729317112,0.0
0.0007642650592580581,0.18333498607576543,0.0,0.002495766052974637,-0.027793070928485823,0.0
0.0010138416645555219,0.1805556789829168,0.0,0.0028816579332518605,-0.027755741385469542,0.0
0.0013020074578807077,0.17778010484436985,0.0,0.003269326599867905,-0.027712598969575022,0.0
0.0016289401178674985,0.17500884494741234,0.0,0.00365650139935463,-0.027664188637634066,0.0
0.0019945902578029613,0.17224242608364893,0.0,0.0040423024534931365,-0.027610419563508435,0.0
0.0023988205031522753,0.1694813841272981,0.0,0.004426553786639617,-0.027551473399475435,0.0
0.0028414758818162368,0.16672623678735057,0.0,0.004813348251670427,-0.02748644188414766,0.0
0.0033228107069832795,0.1639775925989358,0.0,0.00519938772442308,-0.027416051626635532,0.0
0.0038427494794255872,0.16123598743627224,0.0,0.005583973978956119,-0.027340302626938134,0.0
0.004401146877321199,0.15850195717357843,0.0,0.005965744623188663,-0.027259649015749506,0.0
0.004997721339640066,0.15577599227200348,0.0,0.006349116078116248,-0.027172728400989155,0.0
0.005632632947451691,0.15305871943190458,0.0,0.0067312954399730476,-0.02708063069632128,0.0
0.0063057624914489956,0.15035065636227243,0.0,0.007112010230342904,-0.02698317424946861,0.0
0.007016963514483286,0.14765233893732557,0.0,0.007489722081501155,-0.026880631538847448,0.0
0.007765935722633401,0.14496427578344084,0.0,0.007867763177412272,-0.026772457607624756,0.0
0.008552712040374628,0.14228703002267837,0.0,0.008244106959855946,-0.026659106586495056,0.0
0.009377122736360223,0.13962111936402885,0.0,0.008618446890614001,-0.02654039682318072,0.0
0.010238967425421623,0.1369670796817108,0.0,0.008990646730478334,-0.02641660079609757,0.0
0.011138032098469456,0.13432541960210104,0.0,0.009361484178261758,-0.02628735520069088,0.0
0.012074180516295632,0.13169668408203195,0.0,0.009730357510795262,-0.02615311416765409,0.0
0.013047216267375157,0.12908137266526654,0.0,0.010097022632830972,-0.026013877696987715,0.0
0.014056918530658255,0.12647998489556775,0.0,0.010461593077042333,-0.025869373310275303,0.0
0.01510307783836249,0.12389304756454023,0.0,0.010823824748181514,-0.025719964312071502,0.0
0.01618546031318064,0.12132105113333307,0.0,0.011183700616347471,-0.025565650702376177,0.0
0.017303830374815386,0.11876448606309545,0.0,0.011541657782332864,-0.025405887524357962,0.0
0.018457996153048675,0.11622389731065966,0.0,0.011896538212868938,-0.025241764691680428,0.0
0.019647649974335567,0.11369972084149162,0.0,0.01224874494894627,-0.02507273724751202,0.0
0.020872524469230193,0.11119244711674042,0.0,0.012599430347199927,-0.024898351061158477,0.0
0.022132467503950187,0.10870261201062457,0.0,0.012946215898122053,-0.024719786872423558,0.0
0.023427089093762392,0.10623063332338221,0.0,0.01329027666488243,-0.024536590550613947,0.0
0.02475611676025064,0.1037769742683208,0.0,0.01363291259659151,-0.024347944660480788,0.0
0.026119408019909786,0.10134217980227272,0.0,0.013971149137206079,-0.024155393246381933,0.0
0.027516522933630393,0.09892664047763454,0.0,0.014306456534846758,-0.023958300525347122,0.0
0.028947168587115074,0.09653081042509983,0.0,0.014639743050900775,-0.02375639401896003,0.0
0.03041114289220515,0.09415517102320381,0.0,0.014969651969920946,-0.023550037031775203,0.0
0.031908108089197244,0.09180016732002631,0.0,0.015295570215470847,-0.02333941121607026,0.0
0.03343766511074433,0.08946622619841928,0.0,0.015619007772106775,-0.023124334919567755,0.0
0.034999565887955005,0.08715379270646251,0.0,0.015939856783789078,-0.02290435401157424,0.0
0.03659355156633391,0.08486335730530509,0.0,0.016256090692297342,-0.02268092171030863,0.0
0.038219160635563645,0.0825952651342742,0.0,0.016569401134465384,-0.022453129754385046,0.0
0.039876100749010185,0.0803499521588357,0.0,0.016880719078215096,-0.022220160708553226,0.0
0.0415641726568317,0.0781279360879804,0.0,0.017186825872255472,-0.021984012747866363,0.0
0.04328285524405724,0.07592953481319374,0.0,0.01748979916450976,-0.021743959263214298,0.0
0.04503183516050822,0.07375513888687232,0.0,0.01779092187418754,-0.02149809290568395,0.0
0.046810927347926974,0.07160532959630393,0.0,0.018086549602472416,-0.02124986506854639,0.0
0.04861958230817422,0.0694803430894493,0.0,0.018378884883228454,-0.02099782253358286,0.0
0.05045747079649706,0.06738056083609101,0.0,0.018669585293487452,-0.020739876299601306,0.0
0.05232442932584581,0.06530657320613087,0.0,0.018954313885125255,-0.02047956858601341,0.0
0.05421986071435833,0.06325861634752952,0.0,0.01923559108349144,-0.02021571865301537,0.0
0.05614341982270748,0.061237044482228,0.0,0.01951522205809327,-0.0199460558471387,0.0
0.0580949420285168,0.05924243889751413,0.0,0.019788972040212592,-0.019674485692348642,0.0
0.060073839232538055,0.05727499032827926,0.0,0.020058952737574774,-0.019399191665870993,0.0
0.06207973450629554,0.055335071161692166,0.0,0.020327014732756426,-0.019118084766514734,0.0
0.06411243597957117,0.05342326268504069,0.0,0.020589320621396283,-0.018835252170523186,0.0
0.06617136804171081,0.05153973746798837,0.0,0.02084774369260562,-0.018548877355121157,0.0
0.06825614241097137,0.04968484973247625,0.0,0.021103873403812163,-0.018256962145256538,0.0
0.07036652975135259,0.0478591535179506,0.0,0.021354417307487016,-0.017963048760340116,0.0
0.07250197148210129,0.04606284864191658,0.0,0.021600964861057986,-0.017665774808290673,0.0
0.07466206796820708,0.044296271161087516,0.0,0.021844923869675275,-0.017363323766334197,0.0
0.07684656035517462,0.0425599387844541,0.0,0.022083512782840375,-0.017058874549325767,0.0
0.07905491163345864,0.04085405132952152,0.0,0.022317707981544647,-0.01675124641746159,0.0
0.0812866824316131,0.03917892668777536,0.0,0.022548883211136284,-0.01643880450024512,0.0
0.08354157075272674,0.03753504623775085,0.0,0.022775142475969373,-0.016123728625005603,0.0
0.08581908500032369,0.03592267337525029,0.0,0.022996712841390803,-0.015806109617881772,0.0
0.08811875628446277,0.03434206241346211,0.0,0.023214729634134533,-0.015484130956099273,0.0
0.09044022924787622,0.03279364931785218,0.0,0.023428284592813382,-0.015159245857877382,0.0
0.09278305770715756,0.03127772473206445,0.0,0.02363676464099091,-0.014831817627771162,0.0
0.09514673417125663,0.029794542969287328,0.0,0.023841168866193134,-0.014500847178254476,0.0
0.09753085105787596,0.028344458251461882,0.0,0.02404157674129145,-0.01416615285705038,0.0
0.0999350087320051,0.026927842965756843,0.0,0.024236637227472255,-0.013829732839210147,0.0
0.10235867245475233,0.025544869681835832,0.0,0.024427292645924872,-0.013490224732653587,0.0
0.10480140171934481,0.024195847208570473,0.0,0.024614087953481665,-0.013146538623715134,0.0
0.10726281051469298,0.02288119334619896,0.0,0.024795206627368067,-0.012801217644279952,0.0
0.10974233117742979,0.021601071581770964,0.0,0.024971806700852903,-0.012453262706821726,0.0
0.11223951184751507,0.020355745311088788,0.0,0.025144194712154313,-0.012101583897676089,0.0
0.11475393131873052,0.01914558692132118,0.0,0.02531101962245878,-0.011748270218032875,0.0
0.11728503328097638,0.017970759899517894,0.0,0.02547328051929232,-0.011392322580366786,0.0
0.11983236133290562,0.016831527641481218,0.0,0.025630659511169284,-0.011033650158538926,0.0
0.12239542728402254,0.015728162625627325,0.0,0.025783111185020368,-0.010672434604826744,0.0
0.1249737384025246,0.01466091916514465,0.0,0.025930363062429445,-0.010309311702201325,0.0
0.12756677470876754,0.013629987994924517,0.0,0.026072801154486062,-0.009943827319969036,0.0
0.13017405482421612,0.012635605262927613,0.0,0.026209994037031253,-0.009576344762684614,0.0
0.13279505422791926,0.011677970786659152,0.0,0.02634216877541185,-0.009206591551932215,0.0
0.13542927110546046,0.01075731163146593,0.0,0.026469030184676934,-0.008834840166128025,0.0
0.13807617412392814,0.009873827614853127,0.0,0.02659098698245095,-0.008461544735965325,0.0
0.14073527282217324,0.009027673141256595,0.0,0.026707040081207736,-0.008087159392138084,0.0
0.14340597683029402,0.008218957202042786,0.0,0.02681825668807738,-0.00770995843800984,0.0
0.14608780249910175,0.007447961358241804,0.0,0.026924318911574326,-0.0073313042656626606,0.0
0.1487802343902592,0.006714830931675536,0.0,0.02702456826219287,-0.006952650093314974,0.0
0.1514826912164785,0.00601956592234404,0.0,0.027119595109834638,-0.006571906919776764,0.0
0.15419465072746197,0.005362375230366363,0.0,0.027209558400242456,-0.006189347223464041,0.0
0.15691560656748615,0.004743440508019958,0.0,0.027293913176583928,-0.005806515048734971,0.0
0.15964499788514458,0.0041627890031464615,0.0,0.02737268214539385,-0.005422502134202636,0.0
0.16238226609968395,0.0036205387897261985,0.0,0.02744604695894956,-0.005038761698086816,0.0
0.1651268707955789,0.0031166626199175176,0.0,0.027514098443389777,-0.00465311391305708,0.0
0.1678782806399179,0.002651351228611809,0.0,0.027576745772575822,-0.004266557866640764,0.0
0.17063595521717545,0.0022246954419477324,0.0,0.027633898120368986,-0.0038795476895303114,0.0
0.17339934502921237,0.0018367406729947009,0.0,0.027685305714887753,-0.0034944448613332675,0.0
0.17616787560070113,0.0014872961868613742,0.0,0.027731468099895115,-0.0031065264228357266,0.0
0.17894102241069065,0.0011766435445778017,0.0,0.0277720446773708,-0.002720152028696861,0.0
0.18171822687842773,0.0009046283417081157,0.0,0.02780730792573107,-0.002333505156141142,0.0
0.18449895767100083,0.0006712778260940015,0.0,0.02783693995349037,-0.0019472215881406643,0.0
0.18728265166634986,0.000476555667279935,0.0,0.027861417597876928,-0.0015609380201400175,0.0
0.19006879342613758,0.00032046186526593325,0.0,0.027880241315127844,-0.0011826471523475718,0.0
0.19285681755765036,0.00020219715003117608,0.0,0.027894273953560957,-0.0008484069618369302,0.0
0.19564624495300648,0.00011735645384748308,0.0,0.027904060470008665,-0.0005704789773362337,0.0
0.19843665100000735,6.0308556113859714e-05,0.0,0.027910372886650124,-0.0003476824590418786,0.0
0.20122768828867235,2.554031020967185e-05,0.0,0.027913892399525707,-0.00017956327626074411,0.0
0.20401907752862491,7.5839825835974375e-06,0.0,0.027915595389626825,-6.684803810212831e-05,0.0
0.20681063706758762,8.991787733846064e-07,0.0,0.02791611763992452,-8.991787733846063e-06,0.0
0.20960224883158005,0.0,0.0,0.027916049520320438,0.0,0.0
0.21239385378361209,0.0,0.0,0.027916049520320473,0.0,0.0
0.21518545873564415,0.0,0.0,0.02791604952032043,0.0,0.0
0.21797706368767616,0.0,0.0,0.02791604952032043,0.0,0.0
0.22076866863970823,0.0,0.0,0.027916049520320473,0.0,0.0
0.22356027359174027,0.0,0.0,0.027916140346459187,0.0,0.0
0.2263518876263862,0.0,0.0,0.027916049520320438,0.0,0.0
0.22914349257841823,0.0,0.0,0.027916049520320473,0.0,0.0
0.23193509753045027,0.0,0.0,0.02791604952032043,0.0,0.0
0.23472670248248229,0.0,0.0,0.027916049520320473,0.0,0.0
0.23751830743451435,0.0,0.0,0.02791604952032043,0.0,0.0
0.2403099123865464,0.0,0.0,0.027916140346459183,0.0,0.0
0.24310152642119234,0.0,0.0,0.027916049520320396,0.0,0.0
0.24589313137322436,0.0,0.0,0.027916049520320434,0.0,0.0
0.2486847363252564,0.0,0.0,0.027916049520320434,0.0,0.0
0.25147634127728846,0.0,0.0,0.027916049520320473,0.0,0.0
0.2542679462293205,0.0,0.0,0.027916049520320473,0.0,0.0
0.25705955118135254,0.0,0.0,0.027916049520320434,0.0,0.0
0.25985115613338455,0.0,0.0,0.027916049520320434,0.0,0.0
0.2626427610854166,0.0,0.0,0.027916049520320594,0.0,0.0
0.2654343660374487,0.0,0.0,0.027916049520320434,0.0,0.0
0.26822597098948076,0.0,0.0,0.027916049520320355,0.0,0.0
0.27101757594151277,0.0,0.0,0.027916049520320434,0.0,0.0
0.2738091808935448,0.0,0.0,0.027916049520320434,0.0,0.0
0.27660078584557685,0.0,0.0,0.027916140346459187,0.0,0.0
0.2793923998802228,0.0,0.0,0.027916049520320514,0.0,0.0
0.2821840048322548,0.0,0.0,0.027916049520320355,0.0,0.0
0.2849756097842869,0.0,0.0,0.027916049520320514,0.0,0.0
0.28776721473631894,0.0,0.0,0.027916049520320594,0.0,0.0
0.29055881968835096,0.0,0.0,0.027916049520320434,0.0,0.0
0.2933504246403831,0.0,0.0,0.027916140346459187,0.0,0.0
0.296142038675029,0.0,0.0,0.027916049520320514,0.0,0.0
0.29893364362706104,0.0,0.0,0.027916049520320434,0.0,0.0
0.30172524857909305,0.0,0.0,0.027916049520320434,0.0,0.0
0.3045168535311251,0.0,0.0,0.027916049520320355,0.0,0.0
0.3073084584831571,0.0,0.0,0.027916049520320434,0.0,0.0
0.31010006343518914,0.0,0.0,0.027916140346459187,0.0,0.0
0.31289167746983504,0.0,0.0,0.027916049520320434,0.0,0.0
0.3156832824218671,0.0,0.0,0.027916049520320514,0.0,0.0
0.3184748873738991,0.0,0.0,0.027916049520320434,0.0,0.0
0.3212664923259312,0.0,0.0,0.027916049520320434,0.0,0.0
0.32405809727796325,0.0,0.0,0.027916049520320514,0.0,0.0
0.3268497022299953,0.0,0.0,0.027916049520320434,0.0,0.0
0.32964130718202733,0.0,0.0,0.027916049520320434,0.0,0.0
0.3324329121340594,0.0,0.0,0.027916049520320434,0.0,0.0
0.3352245170860914,0.0,0.0,0.027916049520320355,0.0,0.0
0.3380161220381235,0.0,0.0,0.027916049520320434,0.0,0.0
0.34080772699015555,0.0,0.0,0.027916049520320355,0.0,0.0
0.3435993319421876,0.0,0.0,0.027916049520320434,0.0,0.0
0.3463909368942196,0.0,0.0,0.027916140346459187,0.0,0.0
0.3491825509288655,0.0,0.0,0.027916049520320514,0.0,0.0
0.35197415588089753,0.0,0.0,0.027916049520320514,0.0,0.0
0.35476576083292954,0.0,0.0,0.027916049520320434,0.0,0.0
0.3575573657849616,0.0,0.0,0.027916049520320355,0.0,0.0
0.3603489707369936,0.0,0.0,0.027916049520320594,0.0,0.0
0.3631405756890257,0.0,0.0,0.027916140346459187,0.0,0.0
0.36593218972367164,0.0,0.0,0.027916049520320434,0.0,0.0
0.3687237946757037,0.0,0.0,0.027916049520320514,0.0,0.0
0.3715153996277358,0.0,0.0,0.027916049520320434,0.0,0.0
0.3743070045797678,0.0,0.0,0.027916049520320434,0.0,0.0
0.37709860953179986,0.0,0.0,0.027916049520320514,0.0,0.0
0.3798902144838319,0.0,0.0,0.027916140346459187,0.0,0.0
0.3826818285184778,0.0,0.0,0.027916049520320434,0.0,0.0
0.38547343347050994,0.0,0.0,0.027916049520320434,0.0,0.0
0.38826503842254195,0.0,0.0,0.027916049520320355,0.0,0.0
0.391056643374574,0.0,0.0,0.027916049520320434,0.0,0.0
0.39384824832660603,0.0,0.0,0.027916049520320434,0.0,0.0
0.39663985327863804,0.0,0.0,0.027916049520320434,0.0,0.0
0.39943145823067006,0.0,0.0,0.027916049520320434,0.0,0.0
0.40222306318270207,0.0,0.0,0.027916049520320514,0.0,0.0
0.40501466813473413,0.0,0.0,0.027916049520320594,0.0,0.0
0.4078062730867662,0.0,0.0,0.027916049520320434,0.0,0.0
0.41059787803879827,0.0,0.0,0.027916140346459187,0.0,0.0
0.41338949207344416,0.0,0.0,0.027916140346459187,0.0,0.0
0.4161811061080901,0.0,0.0,0.027916140346459187,0.0,0.0
0.418972720142736,0.0,0.0,0.027916049520320434,0.0,0.0
0.4217643250947681,0.0,0.0,0.027916049520320434,0.0,0.0
0.42455593004680015,0.0,0.0,0.027916049520320355,0.0,0.0
0.4273475349988322,0.0,0.0,0.027916049520320434,0.0,0.0
0.4301391399508642,0.0,0.0,0.027915958694181602,0.0,0.0
0.4329307358202824,0.0,0.0,0.027915958694181762,0.0,0.0
0.4357223316897006,0.0,0.0,0.027915958694181762,0.0,0.0
0.4385139275591188,0.0,0.0,0.02791595869418184,0.0,0.0
0.44130552342853696,0.0,0.0,0.027916140346459187,0.0,0.0
0.4440971374631828,0.0,0.0,0.027916140346459267,0.0,0.0
0.4468887514978287,0.0,0.0,0.02791614034645919,0.0,0.0
0.4496803655324746,0.0,0.0,0.027916140346459267,0.0,0.0
0.45247197956712054,0.0,0.0,0.027916140346459187,0.0,0.0
0.45526359360176644,0.0,0.0,0.027916140346459187,0.0,0.0
0.4580552076364124,0.0,0.0,0.027916140346459027,0.0,0.0
0.4608468216710583,0.0,0.0,0.027915958694181682,0.0,0.0
0.46363841754047647,0.0,0.0,0.027915958694181602,0.0,0.0
0.46643001340989465,0.0,0.0,0.027915958694181762,0.0,0.0
0.46922160927931283,0.0,0.0,0.027915958694181762,0.0,0.0
0.47201320514873096,0.0,0.0,0.027915958694181682,0.0,0.0
0.47480480101814915,0.0,0.0,0.027915958694181682,0.0,0.0
0.47759639688756733,0.0,0.0,0.027916140346459187,0.0,0.0
0.4803880109222133,0.0,0.0,0.027916140346459267,0.0,0.0
0.4831796249568592,0.0,0.0,0.027916140346459187,0.0,0.0
0.4859712389915051,0.0,0.0,0.027916140346459107,0.0,0.0
0.488762853026151,0.0,0.0,0.027916140346459187,0.0,0.0
0.491554467060797,0.0,0.0,0.027916140346459187,0.0,0.0
0.4943460810954428,0.0,0.0,0.027916140346459267,0.0,0.0
0.49713769513008876,0.0,0.0,0.027915958694181762,0.0,0.0
0.49992929099950695,0.0,0.0,0.027915958694181602,0.0,0.0
0.5027208868689251,0.0,0.0,0.027915958694181762,0.0,0.0
0.5055124827383433,0.0,0.0,0.027915958694181762,0.0,0.0
0.5083040786077615,0.0,0.0,0.027915958694181762,0.0,0.0
0.5110956744771796,0.0,0.0,0.027916140346459267,0.0,0.0
0.5138872885118255,0.0,0.0,0.027916140346459107,0.0,0.0
0.5166789025464714,0.0,0.0,0.027916140346459107,0.0,0.0
0.5194705165811174,0.0,0.0,0.027916140346459267,0.0,0.0
0.5222621306157633,0.0,0.0,0.027916140346459107,0.0,0.0
0.5250537446504092,0.0,0.0,0.027916140346459267,0.0,0.0
0.5278453586850552,0.0,0.0,0.027916140346459107,0.0,0.0
0.5306369727197011,0.0,0.0,0.027915958694181602,0.0,0.0
0.5334285685891192,0.0,0.0,0.027915958694181762,0.0,0.0
0.5362201644585375,0.0,0.0,0.027915958694181762,0.0,0.0
0.5390117603279556,0.0,0.0,0.027915958694181762,0.0,0.0
0.5418033561973737,0.0,0.0,0.027915958694181762,0.0,0.0
0.544594952066792,0.0,0.0,0.027915958694181602,0.0,0.0
0.5473865479362101,0.0,0.0,0.027916140346459107,0.0,0.0
0.5501781619708559,0.0,0.0,0.027916140346459267,0.0,0.0
0.5529697760055019,0.0,0.0,0.027916140346459107,0.0,0.0
0.5557613900401479,0.0,0.0,0.027916140346459267,0.0,0.0
0.5585530040747937,0.0,0.0,0.027916140346459107,0.0,0.0
0.5613446181094397,0.0,0.0,0.027916140346459107,0.0,0.0
0.5641362321440856,0.0,0.0,0.027916140346459267,0.0,0.0
0.5669278461787315,0.0,0.0,0.027915958694181762,0.0,0.0
0.5697194420481497,0.0,0.0,0.027915958694181762,0.0,0.0
0.572511037917568,0.0,0.0,0.027915958694181762,0.0,0.0
0.5753026337869861,0.0,0.0,0.027915958694181602,0.0,0.0
0.5780942296564042,0.0,0.0,0.027915958694181762,0.0,0.0
0.5808858255258225,0.0,0.0,0.027916140346459267,0.0,0.0
0.5836774395604684,0.0,0.0,0.027916140346458947,0.0,0.0
0.5864690535951143,0.0,0.0,0.027916140346459263,0.0,0.0
0.5892606676297601,0.0,0.0,0.027916140346459107,0.0,0.0
0.592052281664406,0.0,0.0,0.027916140346459263,0.0,0.0
0.594843895699052,0.0,0.0,0.027916140346459267,0.0,0.0
0.5976355097336978,0.0,0.0,0.027916140346459107,0.0,0.0
0.6004271237683438,0.0,0.0,0.027915958694181762,0.0,0.0
0.603218719637762,0.0,0.0,0.027915958694181918,0.0,0.0
0.6060103155071801,0.0,0.0,0.027915958694181762,0.0,0.0
0.6088019113765983,0.0,0.0,0.02791595869418192,0.0,0.0
0.6115935072460166,0.0,0.0,0.027915958694181602,0.0,0.0
0.6143851031154347,0.0,0.0,0.027915958694181762,0.0,0.0
0.6171766989848528,0.0,0.0,0.02791614034645911,0.0,0.0
0.6199683130194988,0.0,0.0,0.02791614034645911,0.0,0.0
0.6227599270541446,0.0,0.0,0.02791614034645911,0.0,0.0
0.6255515410887906,0.0,0.0,0.02791614034645911,0.0,0.0
0.6283431551234365,0.0,0.0,0.02791614034645895,0.0,0.0
0.6311347691580824,0.0,0.0,0.027916140346459267,0.0,0.0
0.6339263831927283,0.0,0.0,0.027916140346459107,0.0,0.0
0.6367179972273743,0.0,0.0,0.027915958694181762,0.0,0.0
0.6395095930967925,0.0,0.0,0.027915958694181762,0.0,0.0
0.6423011889662107,0.0,0.0,0.02791595869418192,0.0,0.0
0.6450927848356287,0.0,0.0,0.027915958694181762,0.0,0.0
0.647884380705047,0.0,0.0,0.027915958694181762,0.0,0.0
0.6506759765744652,0.0,0.0,0.027916140346459107,0.0,0.0
0.6534675906091111,0.0,0.0,0.027916140346459107,0.0,0.0
0.656259204643757,0.0,0.0,0.027916140346459423,0.0,0.0
0.659050818678403,0.0,0.0,0.027916140346459107,0.0,0.0
0.6618424327130489,0.0,0.0,0.027916140346458944,0.0,0.0
0.6646340467476947,0.0,0.0,0.027916140346459107,0.0,0.0
0.6674256607823406,0.0,0.0,0.027916140346459107,0.0,0.0
0.6702172748169865,0.0,0.0,0.027915958694181602,0.0,0.0
0.6730088706864047,0.0,0.0,0.027915958694181762,0.0,0.0
0.6758004665558228,0.0,0.0,0.027915958694181602,0.0,0.0
0.6785920624252411,0.0,0.0,0.02791595869418192,0.0,0.0
0.6813836582946592,0.0,0.0,0.027915958694181762,0.0,0.0
0.6841752541640774,0.0,0.0,0.027915958694181762,0.0,0.0
0.6869668500334956,0.0,0.0,0.027916140346459267,0.0,0.0
0.6897584640681416,0.0,0.0,0.027916140346459423,0.0,0.0
0.6925500781027873,0.0,0.0,0.027916140346459267,0.0,0.0
0.6953416921374334,0.0,0.0,0.027916140346459107,0.0,0.0
0.6981333061720792,0.0,0.0,0.027916140346458947,0.0,0.0
0.7009249202067251,0.0,0.0,0.027916140346459267,0.0,0.0
0.703716534241371,0.0,0.0,0.027916140346458947,0.0,0.0
0.7065081482760169,0.0,0.0,0.02791595869418176,0.0,0.0
0.7092997441454352,0.0,0.0,0.027915958694181602,0.0,0.0
0.7120913400148533,0.0,0.0,0.0279159586941816,0.0,0.0
0.7148829358842715,0.0,0.0,0.027915958694181762,0.0,0.0
0.7176745317536897,0.0,0.0,0.027915958694181762,0.0,0.0
0.7204661276231078,0.0,0.0,0.027916140346459107,0.0,0.0
0.7232577416577537,0.0,0.0,0.027916140346459582,0.0,0.0
0.7260493556923997,0.0,0.0,0.027916140346459107,0.0,0.0
0.7288409697270456,0.0,0.0,0.027916140346459263,0.0,0.0
0.7316325837616916,0.0,0.0,0.027916140346459267,0.0,0.0
0.7344241977963375,0.0,0.0,0.027916140346458947,0.0,0.0
0.7372158118309834,0.0,0.0,0.027916140346459263,0.0,0.0
0.7400074258656293,0.0,0.0,0.027915958694181762,0.0,0.0
0.7427990217350475,0.0,0.0,0.02791595869418176,0.0,0.0
0.7455906176044657,0.0,0.0,0.027915958694181762,0.0,0.0
0.7483822134738838,0.0,0.0,0.02791595869418144,0.0,0.0
0.751173809343302,0.0,0.0,0.02791595869418176,0.0,0.0
0.75396540521272,0.0,0.0,0.027915958694181914,0.0,0.0
0.7567570010821384,0.0,0.0,0.027916140346459263,0.0,0.0
0.7595486151167843,0.0,0.0,0.027916140346459267,0.0,0.0
0.7623402291514302,0.0,0.0,0.027916140346458947,0.0,0.0
0.7651318431860761,0.0,0.0,0.027916140346459107,0.0,0.0
0.767923457220722,0.0,0.0,0.027916140346459267,0.0,0.0
0.770715071255368,0.0,0.0,0.027916140346459107,0.0,0.0
0.7735066852900139,0.0,0.0,0.027916140346459267,0.0,0.0
0.7762982993246598,0.0,0.0,0.027915958694181762,0.0,0.0
0.7790898951940779,0.0,0.0,0.027915958694181602,0.0,0.0
0.7818814910634961,0.0,0.0,0.027915958694181762,0.0,0.0
0.7846730869329144,0.0,0.0,0.027915958694181762,0.0,0.0
0.7874646828023325,0.0,0.0,0.02791595869418176,0.0,0.0
0.7902562786717506,0.0,0.0,0.027913688040713654,0.00010145279695662678,0.0
0.7930476474758219,1.014527969566268e-05,0.0,0.02790415129614754,0.0003626687719317912,0.0
0.7958380626054367,4.6412156888841805e-05,0.0,0.027884351197904965,0.0007594881720242832,0.0
0.7986264977252272,0.00012236097409127012,0.0,0.027864551099663033,0.0011563983982558392,0.0
0.8014129528351935,0.00023800081391685404,0.0,0.027844751001420615,0.0015532177983483312,0.0
0.8041974279353356,0.0003933225937516872,0.0,0.02782495090317852,0.0019500371984409923,0.0
0.8069799230256534,0.0005883263135957864,0.0,0.027805150804936424,0.0023468565985336537,0.0
0.8097604381061471,0.0008230119734491518,0.0,0.027787621360162277,0.002642223201669857,0.0
0.8125392002421633,0.0010872342936161376,0.0,0.02777735800648598,0.0027778266267875222,0.0
0.8153169360428119,0.0013650169562948898,0.0,0.027777358006486296,0.002777826626787523,0.0
0.8180946718434606,0.0016427996189736422,0.0,0.027777358006486296,0.002777735800648628,0.0
0.8208724076441092,0.001920573199038505,0.0,0.027777358006486456,0.002777735800648797,0.0
0.8236501434447578,0.0021983467791033846,0.0,0.027777358006486456,0.0027777358006487968,0.0
0.8264278792454064,0.002476120359168264,0.0,0.027773543308659946,0.0028137937777229062,0.0
0.8292052335762725,0.002757499736940555,0.0,0.02773948350663754,0.0030659271388253305,0.0
0.8319791819269362,0.003064092450823088,0.0,0.027672090511703384,0.0034975329500497726,0.0
0.8347463909781067,0.003413845745828065,0.0,0.0275927084664567,0.003984815184313418,0.0
0.8375056618247523,0.0038123272642594072,0.0,0.027500792414066253,0.004525049057454157,0.0
0.840255741066159,0.004264832170004823,0.0,0.027394707484034796,0.005121685962743228,0.0
0.8429952118145623,0.004777000766279146,0.0,0.027274816980916716,0.0057711836807708364,0.0
0.8457226935126541,0.005354119134356229,0.0,0.027143300732041912,0.006439300757237217,0.0
0.8484370235858582,0.005998049210079952,0.0,0.027026316665363447,0.006944929871523288,0.0
0.8511396552523947,0.006692542197232279,0.0,0.026926407912764804,0.007323947348425539,0.0
0.8538322960436711,0.007424936932074833,0.0,0.02682059546114953,0.007701965737802145,0.0
0.856514355589786,0.008195133505855049,0.0,0.02670951509348818,0.00807880338737498,0.0
0.8591853070991348,0.009003013844592546,0.0,0.026593620940473947,0.008453007078924938,0.0
0.8618446691931823,0.009848314552485039,0.0,0.026472095566858957,0.008826574987503983,0.0
0.8644918787498681,0.010730972051235438,0.0,0.026345847234030235,0.009196873155088735,0.0
0.8671264634732712,0.011650659366744313,0.0,0.026213695202184084,0.009566808018118413,0.0
0.8697478329934896,0.012607340168556153,0.0,0.02607663855884734,0.009934381401541735,0.0
0.8723554968493741,0.013600778308710327,0.0,0.025934677304019216,0.010298866696247872,0.0
0.8749489645797761,0.014630664978335112,0.0,0.025787357307005862,0.010662897860260716,0.0
0.8775277003104768,0.015696954764361185,0.0,0.025635496003056445,0.011022478543475834,0.0
0.8800912499107824,0.016799202618708767,0.0,0.025478094304644774,0.011381423443719871,0.0
0.8826390593412468,0.017937344963080755,0.0,0.025315787994741875,0.011738006864356866,0.0
0.885170638140721,0.019111145649516444,0.0,0.02514948533473528,0.012090230630335371,0.0
0.8876855866741945,0.020320168712549977,0.0,0.024977188149572425,0.01244227274403608,0.0
0.8901833054891518,0.021564395986953585,0.0,0.024800894614305707,0.012790227681494307,0.0
0.8926633949505824,0.022843418755103016,0.0,0.024620059772102784,0.013135185356374418,0.0
0.8951254009277927,0.024156937290740456,0.0,0.024433593709298762,0.013479143943728877,0.0
0.8975687602987227,0.025504851685113343,0.0,0.024243403774807222,0.01381792544117564,0.0
0.8999931006762032,0.02688664422923091,0.0,0.024048218402685784,0.014155253720403124,0.0
0.9023979225164718,0.028302169601271222,0.0,0.023848037592934284,0.01448994804160739,0.0
0.9047827262757653,0.029751164405431962,0.0,0.0236444962160498,0.014819556099043021,0.0
0.9071471758973703,0.031233120015336267,0.0,0.023435505270842052,0.0151482558950914,0.0
0.9094907264244544,0.0327479456048454,0.0,0.02322179136642058,0.015473322645590738,0.0
0.9118129055610966,0.03429527786940448,0.0,0.023005171025559813,0.015793757263015074,0.0
0.9141134226636525,0.035874653595705984,0.0,0.02278255615954294,0.01611319279291342,0.0
0.9163916782796068,0.03748597287499733,0.0,0.02255648990025473,0.016427905363598026,0.0
0.9186473272696322,0.03912876341135713,0.0,0.02232688142155603,0.016738894062594892,0.0
0.9208800154117878,0.040802652817616615,0.0,0.02209146006997889,0.017048792847927045,0.0
0.9230891614187857,0.04250753210240932,0.0,0.021853041455823945,0.01735315123879709,0.0
0.9252744655643681,0.04424284722628903,0.0,0.02161071731770365,0.017654058236395223,0.0
0.9274355372961385,0.04600825304992855,0.0,0.02136285278512094,0.017953421189635187,0.0
0.9295718225746507,0.04780359516889207,0.0,0.021112626772931922,0.01824688044385815,0.0
0.9316830852519439,0.04962828321327789,0.0,0.020857950279944887,0.018537614913919007,0.0
0.9337688802799384,0.05148204470466979,0.0,0.020598005870911776,0.01882607873051189,0.0
0.9358286808670295,0.05336465257772098,0.0,0.02033588163454955,0.01910845719581014,0.0
0.9378622690304845,0.05527549829730199,0.0,0.020069306917389458,0.019388383355362623,0.0
0.9398691997222234,0.05721433663283825,0.0,0.019797918414877134,0.019665403078476237,0.0
0.9418489915637112,0.05918087694068588,0.0,0.019524350085035377,0.019936882407127404,0.0
0.9438014265722147,0.06117456518139862,0.0,0.01924614962211825,0.020205909430032823,0.0
0.9457260415344265,0.0631951561244019,0.0,0.018963498678403745,0.020471212581250817,0.0
0.9476223914022668,0.06524227738252698,0.0,0.018679031211914977,0.020731338642561256,0.0
0.9494902945234583,0.06731541124678311,0.0,0.018389477481657313,0.02098864909357139,0.0
0.9513292422716241,0.06941427615614025,0.0,0.0180961090535733,0.021241963194477267,0.0
0.9531388531769814,0.07153847247558798,0.0,0.017800742450437196,0.02149010020547592,0.0
0.9549189274220252,0.07368748249613558,0.0,0.017500289583532683,0.021735603258451534,0.0
0.9566689563803785,0.07586104282198072,0.0,0.01719665780177253,0.021976474178352134,0.0
0.9583886221605558,0.07805869023981594,0.0,0.01689093701882178,0.02221234966062282,0.0
0.9600777158624378,0.08027992520587822,0.0,0.016579585015269935,0.022445318706454304,0.0
0.9617356743639649,0.08252445707652364,0.0,0.016266053184388816,0.022673564793071692,0.0
0.9633622796824037,0.0847918135558308,0.0,0.01595025070003927,0.022896815442059834,0.0
0.9649573047524076,0.08708149510003681,0.0,0.015628816995089112,0.023117613785302044,0.0
0.9665201864519166,0.08939325647856701,0.0,0.015305657593503042,0.023332508429527107,0.0
0.9680507522112668,0.09172650732151973,0.0,0.014979864233894014,0.023543406723648207,0.0
0.9695487386346562,0.09408084799388455,0.0,0.014648984610516096,0.02375076279835904,0.0
0.9710136370957079,0.09645592427372045,0.0,0.01431710589961245,0.023952306000191215,0.0
0.9724453476856693,0.09885115487373956,0.0,0.013981321664743465,0.02414976202578144,0.0
0.9738434798521435,0.10126613107631771,0.0,0.013641359427493274,0.024343403353544336,0.0
0.9752076157948928,0.10370047141167214,0.0,0.013301306364103933,0.02453077767773551,0.0
0.9765377464313032,0.1061535491794457,0.0,0.01295625786308485,0.02471488226093253,0.0
0.9778333722176118,0.10862503740553894,0.0,0.012608393751765304,0.024893718928083473,0.0
0.9790942115927882,0.1111144092983473,0.0,0.012259621379058703,0.025067378505326865,0.0
0.980320173730694,0.11362114714888,0.0,0.011905944394860715,0.025237314210883023,0.0
0.98151076817018,0.1161448785699683,0.0,0.011551268323136526,0.025401618695837513,0.0
0.9826658950024938,0.11868504043955204,0.0,0.011193958293389854,0.025561018569301333,0.0
0.9837852908318327,0.12124114229648218,0.0,0.010832833565816356,0.025716149614244836,0.0
0.9848685741884143,0.12381275725790665,0.0,0.010471890490520361,0.025865376960171188,0.0
0.9859157632374664,0.12639929495392377,0.0,0.010106496934426825,0.026010335477577445,0.0
0.9869264129309091,0.1290003285016815,0.0,0.009739650160113562,0.02614993525279903,0.0
0.9879003779469204,0.1316153220269614,0.0,0.009371440993719558,0.026283994633558214,0.0
0.9888375220462924,0.13424372149031724,0.0,0.009000052912470555,0.026413512707381084,0.0
0.9897375273375395,0.13688507276105535,0.0,0.008628301526665749,0.02653730873446403,0.0
0.990600357490206,0.13953880363450177,0.0,0.008253462052144769,0.02665620015005603,0.0
0.9914257036954206,0.14220442364950736,0.0,0.00787707853326539,0.026769641997324286,0.0
0.9922134115487471,0.14488138784923976,0.0,0.007499968405276145,0.02687781592854694,0.0
0.9929634083892748,0.14756916944209447,0.0,0.007120678449957784,0.026980721943722998,0.0
0.9936754762342704,0.1502672416364668,0.0,0.006740661885529083,0.027078087564436953,0.0
0.9943495424228234,0.15297505039291048,0.0,0.006359192102880971,0.027170276095243383,0.0
0.9949854616331114,0.1556920780024348,0.0,0.005976450754290953,0.027257378362281717,0.0
0.9955831067085406,0.15841781583866296,0.0,0.005593164448868418,0.027338576930302345,0.0
0.9961424231534274,0.16115167353169318,0.0,0.005209060708197345,0.027414416756138458,0.0
0.996663329224247,0.16389311520730707,0.0,0.004823412923168029,0.027484716187511835,0.0
0.9971456705165638,0.16664158682605826,0.0,0.004438582573386933,0.027549566050562184,0.0
0.9975895287739025,0.16939654343111443,0.0,0.004051481570138206,0.027609238823704807,0.0
0.9979946769309165,0.17215746731348494,0.0,0.0036661062635247516,0.02766300789783044,0.0
0.9983612875572689,0.174923768103268,0.0,0.0032780969988884952,0.027711509055909793,0.0
0.9986890972571578,0.17769491900885895,0.0,0.0028929941706915376,0.027754288167249935,0.0
0.9989783966742269,0.18047034782558397,0.0,0.0025048940799166086,0.027792162667098576,0.0
0.9992288860822186,0.18324956409229382,0.0,0.00212060868696803,0.02782404264179131,0.0
0.9994409469509153,0.18603196835647295,0.0,0.0017327810746091213,0.027851108831131573,0.0
0.9996142250583763,0.1888170792395861,0.0,0.0013494039430479129,0.02787245297373211,0.0
0.9997491654526811,0.19160432453695933,0.0,0.0009631203750475643,0.027888710852564193,0.0
0.9998454774901859,0.19439319562221574,0.0,0.0005797432434863556,0.027899246684656192,0.0
0.9999034518145347,0.19718312029068133,0.0,0.00019545785053777718,0.027904696252979578,0.0
0.9999229975995884,0.1999735899159793,0.0,-0.00018791928102374856,0.027904696252979738,0.0
0.9999042056714859,0.20276405954127727,0.0,-0.0005732945876367268,0.027899519163072213,0.0
0.9998468762127222,0.2055540114575845,0.0,-0.0009563992407817562,0.02788889250484146,0.0
0.999751236288644,0.20834290070806866,0.0,-0.001341592895117546,0.027872907104425755,0.0
0.9996170769991324,0.21113019141851122,0.0,-0.0017266048971758302,0.02785156296182518,0.0
0.9994444165094147,0.21391534771469373,0.0,-0.0021128884651764952,0.027824769250901292,0.0
0.9992331276628971,0.21669782463978385,0.0,-0.0024997169900092026,0.02779270762393109,0.0
0.9989831559638962,0.21947709540217697,0.0,-0.002885637253454381,0.027755287254776096,0.0
0.9986945922385508,0.2222526241276546,0.0,-0.003271739169177858,0.027712326491158845,0.0
0.998367418321633,0.22502385677677048,0.0,-0.003659203476981756,0.027663825333079133,0.0
0.9980014979739349,0.2277902393100784,0.0,-0.004046395306369474,0.027610056258953346,0.0
0.9975968584432979,0.23055124493597373,0.0,-0.004431952265260117,0.02755065596422674,0.0
0.9971536632167719,0.23330631053239642,0.0,-0.004817055093456916,0.02748589692731542,0.0
0.9966719577074261,0.23605490022512796,0.0,-0.005202339573931696,0.02741559749594173,0.0
0.9961517237500329,0.23879645997472215,0.0,-0.005587533228267644,0.027339666843966902,0.0
0.9955929704272062,0.24153042665911884,0.0,-0.0059716369689384,0.027258468275946433,0.0
0.9949958067303123,0.24425627348671347,0.0,-0.0063536517084188705,0.02717154766118572,0.0
0.9943604415594705,0.24697342825283203,0.0,-0.006734939838789477,0.027079540782656758,0.0
0.9936869475755915,0.24968138233109768,0.0,-0.00711522888163404,0.026982175161942804,0.0
0.9929754246874282,0.25237959984729197,0.0,-0.0074947913153688974,0.026879450799043858,0.0
0.9922259455558913,0.25506754492719635,0.0,-0.007872537226329015,0.026771095215544095,0.0
0.9914386918332583,0.2577446544487508,0.0,-0.008248466614514552,0.02665756254213693,0.0
0.9906138451718068,0.26041041070296445,0.0,-0.008622761132203647,0.026539034431099822,0.0
0.9897515690585865,0.26306431414607445,0.0,-0.008995329953256357,0.026415238404016713,0.0
0.9888520360632609,0.2657058379864761,0.0,-0.009366173077673479,0.026285901982471268,0.0
0.9879154187554936,0.26833442818472325,0.0,-0.009735018027038671,0.026151660949434597,0.0
0.9869419169527898,0.2709495942796667,0.0,-0.010101955627490609,0.026012061174213254,0.0
0.9859317213900406,0.273550800397088,0.0,-0.010466622574474282,0.025867556787500603,0.0
0.9848850591325932,0.27613755607583806,0.0,-0.010828837215712657,0.02571805696315805,0.0
0.9838021754110218,0.27870936177215394,0.0,-0.01118887202962128,0.025563198396630585,0.0
0.9826832882080597,0.281265681611817,0.0,-0.011546636190061797,0.02540361687088964,0.0
0.9815286245890535,0.2838060432989059,0.0,-0.011902038870895533,0.02523922155979606,0.0
0.9803384207019639,0.2863299654548855,0.0,-0.012254625941428484,0.025069739984934145,0.0
0.9791129581078211,0.28883693945337896,0.0,-0.012604124923245266,0.024895989581551557,0.0
0.9778525456154966,0.2913265384115341,0.0,-0.012951353251593783,0.02471724374053939,0.0
0.9765574102903373,0.293798262785588,0.0,-0.013296129274196369,0.024533502461897245,0.0
0.9752277973629176,0.2962516130317777,0.0,-0.013637817208082466,0.0243452198763188,0.0
0.9738640156421094,0.29868613501940966,0.0,-0.013976689531668259,0.02415239598380414,0.0
0.9724663466889425,0.3011013746177901,0.0,-0.014312564592676234,0.02395484913207576,0.0
0.9710350902296749,0.3034968595309976,0.0,-0.01464571486952242,0.023752851799549522,0.0
0.9695705187427227,0.3058721447109526,0.0,-0.014975413753096472,0.02354613150781004,0.0
0.968072977367413,0.3082267578617336,0.0,-0.015301842895676532,0.023335414865966304,0.0
0.9665427930778454,0.3105602993483302,0.0,-0.015624820644985412,0.023120338569463862,0.0
0.9649803110133468,0.3128723332052766,0.0,-0.015944619479438656,0.02290090261830255,0.0
0.963385849065403,0.3151624234671068,0.0,-0.016261693529729948,0.022676834534066184,0.0
0.96175967971243,0.3174301069205135,0.0,-0.01657549783902709,0.02244858844744838,0.0
0.9601021299285273,0.3196749657652583,0.0,-0.016885850755052886,0.022215982706171863,0.0
0.9584135448530221,0.32189656403587547,0.0,-0.01719302475622337,0.021979380614791336,0.0
0.9566942423773996,0.3240945020973547,0.0,-0.017496474885706173,0.021738418868752017,0.0
0.954944594888829,0.3262683439842298,0.0,-0.017796473621917164,0.021493733251024945,0.0
0.9531649475266374,0.32841771730933234,0.0,-0.01809311179099517,0.021244778804777754,0.0
0.9513556363475378,0.3305421951898101,0.0,-0.018385662783830962,0.02099219131298148,0.0
0.9495170700691546,0.3326414143211082,0.0,-0.018674399078839766,0.020735425818803926,0.0
0.9476496301612708,0.33471495690298864,0.0,-0.018959774806716224,0.02047502727907729,0.0
0.9457536526805991,0.33676245963089635,0.0,-0.019241335836765853,0.020210450736969282,0.0
0.9438295190969226,0.3387835047045933,0.0,-0.019519627125821493,0.01994169619247992,0.0
0.9418775563843403,0.3407776743238413,0.0,-0.019794285369327973,0.019669126950163967,0.0
0.9398981278474077,0.3427445870188577,0.0,-0.020064947262730747,0.01939292466229909,0.0
0.9378916331211345,0.3446838794850876,0.0,-0.020331703632167866,0.01911281685046903,0.0
0.9358584627579177,0.3465951611701345,0.0,-0.02059500860833412,0.01882943929764474,0.0
0.9337989618970843,0.3484781050998989,0.0,-0.02085395392984119,0.01854206539471659,0.0
0.9317135665041002,0.3503323116393706,0.0,-0.021108993727382917,0.018251240098516783,0.0
0.929602667131362,0.35215743564922225,0.0,-0.021359583044126947,0.01795732671360033,0.0
0.9274667088269493,0.3539531683205823,0.0,-0.021606266836906106,0.017659689456996204,0.0
0.9253060821432586,0.35571913726628196,0.0,-0.021848772627303746,0.017358691633259173,0.0
0.9231212048805283,0.35745500642960787,0.0,-0.0220876453721527,0.017053788285556957,0.0
0.920912440343313,0.3591603852581636,0.0,-0.02232206763620348,0.01674507024002823,0.0
0.9186802335796926,0.36083489228216636,0.0,-0.022552766028566578,0.016433309518852197,0.0
0.916424956976836,0.3624782232340516,0.0,-0.02277892311399394,0.01611818823054334,0.0
0.9141470646654366,0.36409004205710593,0.0,-0.023001083849316966,0.01579966096203232,0.0
0.9118469562805049,0.36567000815330913,0.0,-0.02321870327770378,0.015478091017873912,0.0
0.9095250859527344,0.36721781725509656,0.0,-0.023432053877570396,0.015153115093513183,0.0
0.9071818805649774,0.36873312876444786,0.0,-0.023640772344361967,0.014825686863407,0.0
0.9048178033305413,0.3702156974507886,0.0,-0.023844949504217637,0.0144953521968616,0.0
0.9024333083801194,0.3716652326704748,0.0,-0.024044494530997947,0.01416156613704454,0.0
0.9000288589270196,0.3730813892841792,0.0,-0.02423995238153557,0.013824419510094655,0.0
0.8976048636888662,0.37446383123518867,0.0,-0.024430687272859783,0.01348450268591372,0.0
0.8951617949615801,0.37581228150378004,0.0,-0.024616699204970116,0.013141452359946649,0.0
0.8927001250410831,0.3771264267397747,0.0,-0.024798079004005404,0.01279594972823404,0.0
0.8902203171406825,0.37840602171259813,0.0,-0.024974735843826968,0.01244758607315155,0.0
0.8877228435562999,0.37965078031991334,0.0,-0.02514648807215715,0.01209658846004602,0.0
0.8852081947490843,0.3808604391659179,0.0,-0.025313426515134935,0.011743365606541718,0.0
0.8826768520975707,0.382034775726572,0.0,-0.025475369520482977,0.01138759962115321,0.0
0.8801293151455224,0.3831735356886874,0.0,-0.025632498740478314,0.011028927199325087,0.0
0.8775660652714745,0.38427642840861986,0.0,-0.02578508665353759,0.010668302015514688,0.0
0.8749875566061208,0.3853432586101713,0.0,-0.025932224998273284,0.010305042873681246,0.0
0.8723943341062935,0.3863737628975395,0.0,-0.02403014400107928,0.0111823325476329,0.0
0.8699913197061856,0.3874919961523028,0.0,-0.01975904482750249,0.013547263547773152,0.0
0.8680154152234353,0.3888467225070801,0.0,-0.015508472361277817,0.015969914559073595,0.0
0.8664645679873075,0.3904437139629874,0.0,-0.011278426602404792,0.018450603473019665,0.0
0.865336725327067,0.39228877431028936,0.0,-0.007069634159993907,0.020989148637334174,0.0
0.8646297619110677,0.3943876891740228,0.0,-0.0028827308170155585,0.023584596377560257,0.0
0.8643414888293661,0.3967461488117789,0.0,0.0012809210344488786,0.026237537063599846,0.0
0.864469580932811,0.39936990251813886,0.0,0.0033770974900996066,0.02770460626936699,0.0
0.8648072906818209,0.40214036314507556,0.0,0.0030849098018188264,0.0277387114844585,0.0
0.8651157816620029,0.4049142342935214,0.0,0.0027938120272032385,0.027769365306278423,0.0
0.8653951628647231,0.40769117082414924,0.0,0.00250289590486468,0.027797203517797808,0.0
0.8656454524552095,0.410470891175929,0.0,0.0022125247393584803,0.027822044466739384,0.0
0.8658667049291454,0.41325309562260293,0.0,0.0019228801829619866,0.02784357026161739,0.0
0.8660589929474416,0.4160374526487646,0.0,0.001633780583398327,0.02786196255470925,0.0
0.8662223710057814,0.41882364890423557,0.0,0.0013454984190827295,0.027877448411362055,0.0
0.8663569208476898,0.4216113937453718,0.0,0.0010581245161549774,0.027889891592367468,0.0
0.8664627332993052,0.4244003829046086,0.0,0.0007719313530299818,0.02789956457614167,0.0
0.8665399264346083,0.4271903393622227,0.0,0.00048582901604381825,0.027906013231991298,0.0
0.8665885093362126,0.42998094068542186,0.0,0.00019945420064179257,0.02790910132070794,0.0
0.8666084547562768,0.43277185081749264,0.0,-8.737474545391802e-05,0.027909827929817804,0.0
0.8665997172817315,0.4355628336104744,0.0,-0.00037402203927244,0.02790742103714153,0.0
0.8665623150778041,0.43835357571418854,0.0,-0.0006609418115069828,0.027902107708026036,0.0
0.8664962208966535,0.4411437864849912,0.0,-0.0009489514974064012,0.02789370629019389,0.0
0.866401325746913,0.4439331571140106,0.0,-0.0012384144015253895,0.027882534675130702,0.0
0.8662774843067602,0.4467214105815236,0.0,-0.0015274231749503756,0.02786795707986519,0.0
0.8661247419892653,0.44950820628951016,0.0,-0.0018165227745143523,0.027850790939645976,0.0
0.8659430897118138,0.4522932853834748,0.0,-0.0021060765047720142,0.027830264232293934,0.0
0.8657324820613366,0.45507631180670416,0.0,-0.0023959027134460137,0.02780696732771085,0.0
0.865492891789992,0.45785700853947525,0.0,-0.0026858197482582113,0.027780264442925518,0.0
0.8652243098151663,0.4606350349837678,0.0,-0.00297610008762542,0.027750609708631552,0.0
0.8649266998064037,0.46341009595463095,0.0,-0.003265926296299261,0.027717776059482186,0.0
0.8646001071767737,0.46618187356057916,0.0,-0.0035558433311117755,0.02768239927844854,0.0
0.8642445228436625,0.4689501134884241,0.0,-0.003846486975033996,0.027643344038796473,0.0
0.8638598741461592,0.4717144478923037,0.0,-0.004135949879152984,0.027601654841121443,0.0
0.8634462791582439,0.4744746133764158,0.0,-0.00442532195713314,0.027556468837105417,0.0
0.8630037469625306,0.4772302602601263,0.0,-0.004715420644223161,0.027508421809719432,0.0
0.8625322048981082,0.47998110244109826,0.0,-0.005003975286954778,0.02745774082431041,0.0
0.8620318073694127,0.4827268765235293,0.0,-0.005292711581963744,0.027403335967213782,0.0
0.8615025362112164,0.48546721012025074,0.0,-0.005581629529250374,0.02734588843446977,0.0
0.8609443732582913,0.4882017989636977,0.0,-0.005868640127623748,0.027285806943702876,0.0
0.8603575092455289,0.490930379658068,0.0,-0.006156286508967839,0.027222274059663928,0.0
0.8597418805946321,0.4936526070640343,0.0,-0.006443297107341054,0.02715583473918608,0.0
0.859097550883898,0.4963681905379529,0.0,-0.00672885448749486,0.027086579808407847,0.0
0.8584246654351486,0.4990768485187937,0.0,-0.0070146843460648445,0.027013601005941773,0.0
0.8577231970005421,0.5017782086193879,0.0,-0.007299151812553615,0.026938533202284867,0.0
0.8569932818192867,0.5044720619396165,0.0,-0.00758316514834886,0.02685996859228712,0.0
0.8562349653044519,0.5071580587988451,0.0,-0.007866633527311904,0.026778361306641983,0.0
0.8554483019517207,0.5098358949295093,0.0,-0.008148557861916548,0.026693938410696623,0.0
0.8546334461655292,0.512505288770579,0.0,-0.008430028065827506,0.02660624577375687,0.0
0.8537904433589463,0.5151659133479547,0.0,-0.00871022670379624,0.02651564670037798,0.0
0.8529194206885666,0.5178174780179925,0.0,-0.008989698732655267,0.026422322842837298,0.0
0.8520204508153011,0.5204597103022762,0.0,-0.009267899195572074,0.026325865483510628,0.0
0.8510936608957439,0.5230922968506273,0.0,-0.00954500974482432,0.02622659251388334,0.0
0.8501391599212613,0.5257149561020156,0.0,-0.009821212032689517,0.026124503933955743,0.0
0.8491570387179925,0.5283274064954112,0.0,-0.01009614275461233,0.026019418091450013,0.0
0.8481474244425312,0.5309293483045562,0.0,-0.01036971108445393,0.025911471225574485,0.0
0.8471104533340859,0.5335204954271137,0.0,-0.010642189500631132,0.025801026640884,0.0
0.8460462343840227,0.536100598091202,0.0,-0.010913305524727277,0.02568726690213003,0.0
0.84495490383155,0.538669324781415,0.0,-0.01118324080902035,0.02557105485763045,0.0
0.843836579750648,0.5412264302671781,0.0,-0.011451904527370882,0.02545198178976122,0.0
0.8426913892979109,0.5437716284461542,0.0,-0.011718660896808,0.02533009311159105,0.0
0.8415195232082301,0.5463046377573133,0.0,-0.011984418178719392,0.025205388823120733,0.0
0.8403210813903582,0.5488251766396254,0.0,-0.012248722242411532,0.025078277641974133,0.0
0.839096209166117,0.5513330044038227,0.0,-0.012511845566299964,0.02494812378518007,0.0
0.8378450246094871,0.5538278167823407,0.0,-0.01277278906285912,0.024815653861848724,0.0
0.836567745703201,0.5563093821685257,0.0,-0.013032642645753243,0.024679959610592564,0.0
0.8352644814386257,0.558777378129585,0.0,-0.013290679705872941,0.024542040118937472,0.0
0.8339354134680385,0.5612315821414787,0.0,-0.01354726354777323,0.024401532082328918,0.0
0.8325806871132612,0.5636717353497116,0.0,-0.013802575823731296,0.024258435500766576,0.0
0.8312004295308881,0.5660975788997882,0.0,-0.01405543579394359,0.024112614135042284,0.0
0.8297948859514936,0.5685088403132925,0.0,-0.014307387502768672,0.023963840919809676,0.0
0.8283641472012169,0.5709052244052735,0.0,-0.014556977731986973,0.023813069529524982,0.0
0.8269084494280181,0.5732865313582259,0.0,-0.014805750525956736,0.023659573355078338,0.0
0.8254278743754225,0.5756524886937338,0.0,-0.01505161688348736,0.02350348863567822,0.0
0.8239227126870737,0.5780028375573016,0.0,-0.015296665805769287,0.023344542892908146,0.0
0.8223930461064968,0.5803372918465924,0.0,-0.015538899117750749,0.023183553562016807,0.0
0.8208391561947217,0.5826556472027942,0.0,-0.015780769125177355,0.023020248164588187,0.0
0.819261079282204,0.584957672019253,0.0,-0.016019369391609813,0.022854490461413635,0.0
0.817659142343043,0.5872431210653942,0.0,-0.016257515527348585,0.02268605338714678,0.0
0.8160333907903081,0.5895117264041089,0.0,-0.016492391922093366,0.022515300246342487,0.0
0.8143841515980987,0.5917632564287432,0.0,-0.016726632533866952,0.022342276452069924,0.0
0.812711488344712,0.5939974840739503,0.0,-0.016958239187617425,0.022167072830468086,0.0
0.8110156644259504,0.5962141913569969,0.0,-0.017188483449287154,0.021989099011635115,0.0
0.8092968160810216,0.5984131012581604,0.0,-0.017416093752933764,0.021809081604680564,0.0
0.8075552067057282,0.6005940094186285,0.0,-0.01764234166449964,0.021626657305050055,0.0
0.8057909725392782,0.6027566751491336,0.0,-0.017865955618042238,0.021441916938881946,0.0
0.8040043769774741,0.6049008668430217,0.0,-0.0180882071795041,0.021254905919245726,0.0
0.8021955562595238,0.6070263574349463,0.0,-0.018308188087497693,0.0210655788330719,0.0
0.8003647374507739,0.6091329153182535,0.0,-0.018526261646578352,0.02087425357184615,0.0
0.7985121112861162,0.6112203406754382,0.0,-0.018742246204468245,0.02068070307022163,0.0
0.7966378866656693,0.6132884109824602,0.0,-0.018956050935028387,0.020484654849782156,0.0
0.7947422815721664,0.6153368764674385,0.0,-0.019167948316675593,0.02028656304122142,0.0
0.7928254867404988,0.6173655327715606,0.0,-0.019377938349409388,0.020086563883747268,0.0
0.7908876929055578,0.6193741891599354,0.0,-0.01958556690253624,0.019884157833597156,0.0
0.7889291362153044,0.6213626049432951,0.0,-0.019790924802195305,0.019679753608394957,0.0
0.7869500437350848,0.6233305803041346,0.0,-0.019994647831356977,0.019472942490516485,0.0
0.7849505789519491,0.6252778745531862,0.0,-0.020195464424079344,0.01926404237144725,0.0
0.7829310325095411,0.627204278790331,0.0,-0.02039473697244379,0.01905298513158349,0.0
0.7808915588122968,0.6291095773034894,0.0,-0.02059155721506215,0.01884040655389575,0.0
0.7788324030907906,0.630993617958879,0.0,-0.020786288456490536,0.018624808007095775,0.0
0.7767537742451416,0.6328560987595885,0.0,-0.02097856739217252,0.01840802872049209,0.0
0.7746559175059242,0.6346969016316377,0.0,-0.021169029805080553,0.01818850194319202,0.0
0.7725390145254162,0.636515751825957,0.0,-0.021356676607687648,0.017967703599949893,0.0
0.7704033468646474,0.6383125221859518,0.0,-0.021542870192075327,0.017744248592149896,0.0
0.7682490598454398,0.6400869470451668,0.0,-0.021726066513885357,0.017519658257615842,0.0
0.7660764531940513,0.6418389128709284,0.0,-0.021907537139059317,0.017291934421295806,0.0
0.7638856994801454,0.6435681063130579,0.0,-0.022085919675516475,0.017063597508539332,0.0
0.7616771075125938,0.6452744660639118,0.0,-0.022263030646032203,0.016832195213600794,0.0
0.7594508044479905,0.646957685585272,0.0,-0.022436690223275164,0.01659979383113638,0.0
0.757207135425663,0.6486176649683857,0.0,-0.02260880575616067,0.016364531425302156,0.0
0.754946254850047,0.6502541181109159,0.0,-0.02277783320032938,0.01612854241035807,0.0
0.752668471530014,0.6518669723519517,0.0,-0.022944953295584512,0.015889419893627844,0.0
0.7503739762004555,0.6534559143413144,0.0,-0.023109166954400667,0.015649661593926743,0.0
0.7480630595050155,0.6550208805007072,0.0,-0.023271745742719584,0.015407042270855684,0.0
0.7457358849307435,0.6565615847277927,0.0,-0.023431054790044356,0.015163469273328074,0.0
0.7433927794517391,0.6580779316551255,0.0,-0.023588547314595015,0.014917534796193526,0.0
0.7410339247202796,0.6595696851347449,0.0,-0.023742770098151206,0.014670351459651345,0.0
0.7386596477104644,0.66103672028071,0.0,-0.02389544883734916,0.014421147241522643,0.0
0.7362701028267296,0.6624788350048623,0.0,-0.024045039487830464,0.014170535218243865,0.0
0.7338655988779466,0.6638958885266867,0.0,-0.024192177832565998,0.013918061259120856,0.0
0.73144638109469,0.6652876946525987,0.0,-0.024336591393139893,0.013663816190292917,0.0
0.7290127219553759,0.666654076271628,0.0,-0.024478370995690515,0.01340827684898801,0.0
0.7265648848558068,0.6679949039565267,0.0,-0.024617879944773505,0.013150603093423164,0.0
0.7241030968613295,0.6693099642658692,0.0,-0.02475430080513953,0.012891794011124265,0.0
0.7216276667808155,0.6705991436669816,0.0,-0.02488826935975979,0.012630873221100014,0.0
0.7191388398448396,0.6718622309890916,0.0,-0.0250193314779409,0.01236893063701497,0.0
0.7166369066970455,0.673099124052793,0.0,-0.02514794129037672,0.012105080704016991,0.0
0.7141221125680078,0.6743096321231947,0.0,-0.025273735492511756,0.011840299803096737,0.0
0.7115947390187567,0.6754936621035045,0.0,-0.025396804910485477,0.01157356614019405,0.0
0.7090550585277081,0.6766510187175239,0.0,-0.02551724037043544,0.011305924215903991,0.0
0.7065033344906646,0.6777816111391142,0.0,-0.025634951046224087,0.011036806366859615,0.0
0.7039398393860422,0.6788852917758001,0.0,-0.025749664459434603,0.01076607635385307,0.0
0.7013648729400986,0.6799618994111855,0.0,-0.02586165308848333,0.01049436995985507,0.0
0.6987787076312503,0.681011336407171,0.0,-0.025970916933370423,0.010221164934568006,0.0
0.6961816159379133,0.6820334529006278,0.0,-0.026077001863402196,0.009946688343338877,0.0
0.6935739157515731,0.6830281217349617,0.0,-0.026180816139965542,0.009671326197257126,0.0
0.6909558341375767,0.6839952543546874,0.0,-0.026280906544841366,0.00939444271335188,0.0
0.6883277434830923,0.6849346986260226,0.0,-0.026378544643971265,0.009116605554989925,0.0
0.6856898890186951,0.6858463591815216,0.0,-0.02647318548052383,0.008837837428705855,0.0
0.6830425704706429,0.6867301429243922,0.0,-0.02656519235905311,0.008557752323410541,0.0
0.6803860512347376,0.6875859181567333,0.0,-0.02665402032272644,0.008277122261282712,0.0
0.677720649202465,0.6884136303828616,0.0,-0.02674021432837729,0.00799515251360873,0.0
0.6750466277696272,0.6892131456342224,0.0,-0.026823138593034136,0.007712546982963721,0.0
0.6723643139103238,0.6899844003325187,0.0,-0.02690324724739005,0.007429078604000676,0.0
0.6696739891855849,0.6907273081929188,0.0,-0.02698026781302931,0.007144361365630315,0.0
0.6669759624042818,0.6914417443294819,0.0,-0.027054018637674582,0.006859871192606638,0.0
0.6642705605405144,0.6921277314487425,0.0,-0.027124863025880713,0.0065736099098778755,0.0
0.6615580742379263,0.6927850924397304,0.0,-0.02719271015150904,0.006287144268337018,0.0
0.6588388032227755,0.693413806866564,0.0,-0.027257287536142885,0.006000451561449159,0.0
0.656113074469161,0.6940138520227089,0.0,-0.02731877683205977,0.005712169397133878,0.0
0.6533811967859552,0.6945850689624223,0.0,-0.02737717803926065,0.00542438677658146,0.0
0.6506434789820291,0.6951275076400805,0.0,-0.02743312694071607,0.005136036492661937,0.0
0.6479001662879575,0.6956411112893466,0.0,-0.02748544279662185,0.004846391936265601,0.0
0.6451516220082952,0.6961257504829732,0.0,-0.027535124694504677,0.004557701054325815,0.0
0.6423981095388448,0.6965815205884058,0.0,-0.0275811735468385,0.004268147324068153,0.0
0.639639992184161,0.6970083353208126,0.0,-0.027624770093427026,0.0039779805173743655,0.0
0.6368775151748183,0.6974061333725501,0.0,-0.02766482442060522,0.0036884040805819558,0.0
0.6341110327327578,0.6977749737806083,0.0,-0.027702244789760133,0.0033986005784428625,0.0
0.6313408082537818,0.6981148338384525,0.0,-0.02773594128722737,0.003108002347589979,0.0
0.628567214125059,0.6984256340732116,0.0,-0.027767367131226663,0.0028181988454510443,0.0
0.6257904774119363,0.6987074539577567,0.0,-0.027794978277398963,0.0025283045171731184,0.0
0.6230109795841964,0.6989602844094739,0.0,-0.027819955465548774,0.0022382512431525937,0.0
0.6202289840376416,0.6991841095337893,0.0,-0.027841390434287946,0.0019485612736869218,0.0
0.6174448449942128,0.699378965661158,0.0,-0.027860463923420502,0.0016591437826374287,0.0
0.6146587986018708,0.6995448800394217,0.0,-0.02787608601928139,0.0013699306504000306,0.0
0.6118711899999426,0.6996818731044616,0.0,-0.027889074157119005,0.0010813987142030013,0.0
0.6090822825842307,0.699790012975882,0.0,-0.027898429249407455,0.0007922764081044356,0.0
0.6062924396592899,0.6998692406166924,0.0,-0.02790587699278329,0.0005041758960665023,0.0
0.6035018519600116,0.6999196582062991,0.0,-0.02790969169060964,0.0002167792866036855,0.0
0.6007108827909506,0.6999413361349595,0.0,-0.027910236647441997,-7.01404856310158e-05,0.0
0.5979198591262065,0.6999343220863963,0.0,-0.027908056820112402,-0.0003583772368771181,0.0
0.5951290534441952,0.6998984843627085,0.0,-0.02790297055634367,-0.0006469091730739887,0.0
0.5923387563885608,0.6998337934454012,0.0,-0.027894432899303438,-0.000935077804715848,0.0
0.5895493130986305,0.6997402856649296,0.0,-0.02788335211037924,-0.0012227923056643394,0.0
0.5867609778875925,0.6996180064343631,0.0,-0.027868819928183065,-0.0015117556660203058,0.0
0.5839740958947743,0.6994668308677611,0.0,-0.027851653787964246,-0.0018008552655842825,0.0
0.5811889305159779,0.6992867453412027,0.0,-0.027831490385166822,-0.0020909312461393965,0.0
0.5784057814774612,0.6990776522165887,0.0,-0.027807966415236893,-0.002380780161347827,0.0
0.5756249848359375,0.6988395742004541,0.0,-0.027781536008867663,-0.0026706063700216677,0.0
0.5728468312350508,0.6985725135634517,0.0,-0.027752199166059453,-0.0029603871656260134,0.0
0.5700716113184447,0.6982764748468893,0.0,-0.027719865060672793,-0.00325014525469577,0.0
0.5672996248123775,0.6979514603214197,0.0,-0.027684170388153784,-0.0035397443980226097,0.0
0.564531207773562,0.6975974858816174,0.0,-0.027645387626917657,-0.0038308421726385156,0.0
0.5617666690108704,0.6972144016643536,0.0,-0.027603789255381376,-0.004121077098936704,0.0
0.5590062900853322,0.6968022939544598,0.0,-0.027558830316712114,-0.004410244818104607,0.0
0.556250407053661,0.6963612694726493,0.0,-0.027511237420020054,-0.004699094645786993,0.0
0.553499283311659,0.6958913600080706,0.0,-0.027460465608472196,-0.004987603875449434,0.0
0.5507532367508118,0.6953925996205257,0.0,-0.027405879099098147,-0.0052773165514498534,0.0
0.548012648840902,0.6948648679653807,0.0,-0.027348840283978326,-0.005566665922895262,0.0
0.5452777648125041,0.6943082013730912,0.0,-0.02728853172786435,-0.005853812760476648,0.0
0.5425489116397177,0.6937228200970436,0.0,-0.02722568003986625,-0.0061403465216214315,0.0
0.539826343635731,0.6931087854448814,0.0,-0.02715937695859649,-0.0064268348696971955,0.0
0.5371104059398715,0.6924661019579117,0.0,-0.027089985788609928,-0.006713936294209243,0.0
0.5344014073610104,0.6917947083284908,0.0,-0.027017779008323056,-0.0070003565226806055,0.0
0.5316996294601781,0.6910946726762226,0.0,-0.02694266579159689,-0.007284142793129166,0.0
0.5290053628810185,0.6903662583969098,0.0,-0.02686428283387657,-0.007566975389121019,0.0
0.5263189345976308,0.6896095608579977,0.0,-0.02678317509199462,-0.007851056844520348,0.0
0.5236406170884312,0.6888244551735457,0.0,-0.026698343478424827,-0.008134071092789867,0.0
0.5209707827405888,0.6880110480642667,0.0,-0.026611059559109425,-0.008415450470561994,0.0
0.5183096767846779,0.6871695030172106,0.0,-0.026520687551077376,-0.008694491075262085,0.0
0.5156576080295702,0.6863000539096843,0.0,-0.02642713662818985,-0.008974167462933367,0.0
0.5130148943667512,0.685402637163391,0.0,-0.026330951747279206,-0.009253162654563964,0.0
0.5103817991920233,0.6844773208979346,0.0,-0.026231678777652152,-0.009530977106391328,0.0
0.507758631314258,0.6835242231872954,0.0,-0.026130225980695507,-0.009805771589105972,0.0
0.5051456087161885,0.6825436460283848,0.0,-0.02602527637739787,-0.01008095208291006,0.0
0.5025430810784487,0.6815355508200939,0.0,-0.02591728409845292,-0.01035511078265383,0.0
0.4999513526686034,0.6805000397418285,0.0,-0.025806748687623688,-0.010628111449128484,0.0
0.497370677799841,0.6794372285969156,0.0,-0.025693851797187674,-0.010898160266094817,0.0
0.49480129262012224,0.6783474125703061,0.0,-0.025577594339618828,-0.011168458854942585,0.0
0.4922435331861604,0.6772305666848119,0.0,-0.025458566684818624,-0.011437485877848126,0.0
0.48969767651767854,0.676086818097027,0.0,-0.025336450941301845,-0.01170494614986068,0.0
0.4871640314235484,0.674916323482041,0.0,-0.025212337022733223,-0.011969681637711598,0.0
0.48464279772127505,0.6737193553182697,0.0,-0.025085271254655966,-0.012234485245166285,0.0
0.48213427059580943,0.672495906793753,0.0,-0.02495511739786206,-0.012497631275589463,0.0
0.47963875885602325,0.6712461436661943,0.0,-0.024822329583045036,-0.012759142435515411,0.0
0.4771565258977187,0.6699702294226426,0.0,-0.024687589006245344,-0.01301836023543866,0.0
0.47468776699709414,0.6686683933990988,0.0,-0.02454944244924357,-0.013276783306647959,0.0
0.47223282275216977,0.6673407150684341,0.0,-0.02440893441263493,-0.013533707746568353,0.0
0.4697919293109063,0.6659873442937772,0.0,-0.024266155722558032,-0.01378874754411008,0.0
0.4673653137386505,0.6646084695393661,0.0,-0.024120334356833976,-0.014041857286203965,0.0
0.46495328030296706,0.6632042838107458,0.0,-0.023971924446156062,-0.01429371816889053,0.0
0.46255608785835145,0.6617749119938567,0.0,-0.023821334708148876,-0.014544148539891959,0.0
0.4601739543875366,0.6603204971398675,0.0,-0.023667838533702544,-0.014791967659405013,0.0
0.4578071705341663,0.6588413003739271,0.0,-0.023511844640441107,-0.015038674158718766,0.0
0.4554559860701223,0.6573374329580551,0.0,-0.023353171376087216,-0.01528347330911942,0.0
0.4531206689325135,0.6558090856271431,0.0,-0.023192272871334626,-0.0155265921759535,0.0
0.45080144164538005,0.6542564264095478,0.0,-0.02302896747390577,-0.01576759933506208,0.0
0.44849854489798957,0.6526796664760416,0.0,-0.02286343683607821,-0.016007266808624503,0.0
0.44621220121438165,0.6510789397951793,0.0,-0.022694954348741865,-0.016244640922184236,0.0
0.4439427057795075,0.6494544757029608,0.0,-0.022524382860214995,-0.016480266632573466,0.0
0.441690267493486,0.6478064490397034,0.0,-0.022351313652873173,-0.01671400770058419,0.0
0.4394551361281987,0.6461350482696451,0.0,-0.022176064618201922,-0.016945954952354767,0.0
0.4372375296663785,0.6444404527744095,0.0,-0.021998454103923804,-0.017176085681351077,0.0
0.43503768425598616,0.6427228442062745,0.0,-0.021818482110038753,-0.017404195528760873,0.0
0.43285583604498223,0.6409824246533984,0.0,-0.021636012397338745,-0.017630216374979746,0.0
0.43069223480524843,0.6392194030159004,0.0,-0.021451544509586893,-0.017854466111493533,0.0
0.4285470803542897,0.6374339564047511,0.0,-0.021264805968366694,-0.018076808499094064,0.0
0.426420599757453,0.6356262755548416,0.0,-0.021075751360609126,-0.018297084592038586,0.0
0.42431302462139203,0.6337965670956377,0.0,-0.020884289860175365,-0.018515112738049747,0.0
0.4222245956353745,0.6319450558218328,0.0,-0.020690421467065324,-0.018730983763266065,0.0
0.42015555348866795,0.6300719574455063,0.0,-0.020494691138111528,-0.01894519721145071,0.0
0.41810608437485686,0.6281774377243611,0.0,-0.020296599329550635,-0.019157071886563015,0.0
0.4160764244419018,0.6262617305357048,0.0,-0.020096690998215316,-0.019367266278109058,0.0
0.41406675534208026,0.6243250039078939,0.0,-0.019894194121926452,-0.01957507648351342,0.0
0.4120773359298876,0.6223674962595425,0.0,-0.019689653657516005,-0.019780661448519168,0.0
0.41010837056413596,0.6203894301146906,0.0,-0.019483296670331218,-0.019984429890750333,0.0
0.4081600408971029,0.6183909871256157,0.0,-0.01927466902967816,-0.020185836853374557,0.0
0.4062325739941351,0.6163724034402782,0.0,-0.019063816148626254,-0.020385245640946854,0.0
0.4043261923792725,0.6143338788761834,0.0,-0.018850874266383988,-0.02058224753584303,0.0
0.402441104952634,0.6122756541225991,0.0,-0.018635389252257273,-0.020776615472716094,0.0
0.40057756602740835,0.6101979925753276,0.0,-0.01841845101991075,-0.02096939395216141,0.0
0.3987357209254172,0.6081010531801114,0.0,-0.018199378373304445,-0.021159720125861124,0.0
0.39691578308808684,0.6059850811675254,0.0,-0.017978307551645978,-0.021347957298370072,0.0
0.39511795233292224,0.6038502854376884,0.0,-0.017755329381074332,-0.021534105469688574,0.0
0.39334241939481474,0.6016968748907195,0.0,-0.017530080557034738,-0.02171748344377579,0.0
0.3915894113391113,0.5995251265463419,0.0,-0.017302878971012237,-0.021898636177464237,0.0
0.3898591234420101,0.5973352629285955,0.0,-0.017074087927562154,-0.02207783614916993,0.0
0.38815171464925385,0.5951274793136785,0.0,-0.016843207882921547,-0.02225444757592216,0.0
0.38646739386096174,0.5929020345560863,0.0,-0.016610329663228694,-0.022428788349206124,0.0
0.38480636089463877,0.5906591557211656,0.0,-0.016375317029275905,-0.02260058599060596,0.0
0.3831688291917112,0.588399097122105,0.0,-0.01613880576403413,-0.022770203804676203,0.0
0.3815549486153078,0.5861220767416374,0.0,-0.015900341736809685,-0.02293714224765399,0.0
0.3799649144416269,0.583828362516872,0.0,-0.015660197426018985,-0.02310212792864934,0.0
0.378398894699025,0.5815181497240071,0.0,-0.015418009527106862,-0.023264525064690917,0.0
0.3768570937463143,0.579191697217538,0.0,-0.015174277583836254,-0.02342419741657085,0.0
0.37533966598793067,0.5768492774758809,0.0,-0.014928502052444462,-0.02358173535419053,0.0
0.3738468157826862,0.5744911039404619,0.0,-0.014680864585208831,-0.023736366855371078,0.0
0.3723787293241653,0.5721174672549247,0.0,-0.014431637660545543,-0.02388900018149953,0.0
0.37093556555811075,0.5697285672367748,0.0,-0.014181229996078782,-0.024038817897327678,0.0
0.36951744255850294,0.567324685447042,0.0,-0.013928460852004925,-0.02418622872047939,0.0
0.3681245964733024,0.5649060625749941,0.0,-0.013673920598225982,-0.024330642281053444,0.0
0.3667572044134798,0.5624729983468887,0.0,-0.013418199604643806,-0.02447301225350592,0.0
0.36541538445301547,0.5600256971215382,0.0,-0.013160843740564556,-0.024611885419617563,0.0
0.36409930007895897,0.5575645085795764,0.0,-0.01290158052757205,-0.024748942062954624,0.0
0.36280914202620174,0.5550896143732809,0.0,-0.01264063703101297,-0.024883001443713866,0.0
0.36154507832310046,0.5526013142289096,0.0,-0.01237896692534403,-0.025014063561894978,0.0
0.360307181630566,0.55009990787272,0.0,-0.012115207818484802,-0.02514290043967748,0.0
0.3590956608487175,0.5475856178287523,0.0,-0.011849813841128263,-0.025269285011714215,0.0
0.3579106794646047,0.5450586893275808,0.0,-0.011582784993274649,-0.025392536081965122,0.0
0.35675240096527727,0.5425194357193843,0.0,-0.011354266428240747,-0.025496895315361146,0.0
0.3557709654993557,0.5403376102149151,0.0,-0.011163440710777938,-0.025582816842595814,0.0
0.354962603782083,0.5385150565847895,0.0,-0.011009853710192856,-0.02565084562050148,0.0
0.35432359194177127,0.53705356410394,0.0,-0.010894004970248283,-0.025701572018979997,0.0
